sku_i,sku_j,xel_ij,target_name,driver_name,relationship_type
100001,100005,-0.084,Brand7 Large (Coffee),Brand1 250ml (Coffee),Complement (Synergy)
100001,100013,-0.029,Brand7 Large (Coffee),Brand8 Large (Coffee),Weak/Neutral
100001,100021,-0.182,Brand7 Large (Coffee),Brand1 1L (Coffee),Complement (Synergy)
100005,100001,-0.139,Brand1 250ml (Coffee),Brand7 Large (Coffee),Complement (Synergy)
100005,100013,-0.113,Brand1 250ml (Coffee),Brand8 Large (Coffee),Complement (Synergy)
100005,100021,-0.079,Brand1 250ml (Coffee),Brand1 1L (Coffee),Complement (Synergy)
100013,100001,-0.111,Brand8 Large (Coffee),Brand7 Large (Coffee),Complement (Synergy)
100013,100005,-0.036,Brand8 Large (Coffee),Brand1 250ml (Coffee),Weak/Neutral
100013,100021,-0.09,Brand8 Large (Coffee),Brand1 1L (Coffee),Complement (Synergy)
100021,100001,-0.193,Brand1 1L (Coffee),Brand7 Large (Coffee),Complement (Synergy)
100021,100005,-0.18,Brand1 1L (Coffee),Brand1 250ml (Coffee),Complement (Synergy)
100021,100013,-0.064,Brand1 1L (Coffee),Brand8 Large (Coffee),Complement (Synergy)
100010,100011,-0.071,Brand4 1L (Cola),Brand9 Pack (Cola),Complement (Synergy)
100010,100015,-0.172,Brand4 1L (Cola),Brand6 250ml (Cola),Complement (Synergy)
100010,100019,-0.189,Brand4 1L (Cola),Brand15 Pack (Cola),Complement (Synergy)
100010,100025,-0.096,Brand4 1L (Cola),Brand9 330ml (Cola),Complement (Synergy)
100011,100010,-0.086,Brand9 Pack (Cola),Brand4 1L (Cola),Complement (Synergy)
100011,100015,-0.176,Brand9 Pack (Cola),Brand6 250ml (Cola),Complement (Synergy)
100011,100019,-0.115,Brand9 Pack (Cola),Brand15 Pack (Cola),Complement (Synergy)
100011,100025,-0.145,Brand9 Pack (Cola),Brand9 330ml (Cola),Complement (Synergy)
100015,100010,-0.032,Brand6 250ml (Cola),Brand4 1L (Cola),Weak/Neutral
100015,100011,-0.161,Brand6 250ml (Cola),Brand9 Pack (Cola),Complement (Synergy)
100015,100019,-0.068,Brand6 250ml (Cola),Brand15 Pack (Cola),Complement (Synergy)
100015,100025,-0.107,Brand6 250ml (Cola),Brand9 330ml (Cola),Complement (Synergy)
100019,100010,-0.198,Brand15 Pack (Cola),Brand4 1L (Cola),Complement (Synergy)
100019,100011,-0.107,Brand15 Pack (Cola),Brand9 Pack (Cola),Complement (Synergy)
100019,100015,-0.182,Brand15 Pack (Cola),Brand6 250ml (Cola),Complement (Synergy)
100019,100025,-0.081,Brand15 Pack (Cola),Brand9 330ml (Cola),Complement (Synergy)
100025,100010,-0.098,Brand9 330ml (Cola),Brand4 1L (Cola),Complement (Synergy)
100025,100011,-0.198,Brand9 330ml (Cola),Brand9 Pack (Cola),Complement (Synergy)
100025,100015,-0.163,Brand9 330ml (Cola),Brand6 250ml (Cola),Complement (Synergy)
100025,100019,-0.06,Brand9 330ml (Cola),Brand15 Pack (Cola),Complement (Synergy)
100002,100003,-0.15,Brand24 Pack (Energy),Brand22 Pack (Energy),Complement (Synergy)
100002,100007,-0.11,Brand24 Pack (Energy),Brand10 Large (Energy),Complement (Synergy)
100002,100009,-0.144,Brand24 Pack (Energy),Brand7 Pack (Energy),Complement (Synergy)
100002,100023,-0.034,Brand24 Pack (Energy),Brand17 500ml (Energy),Weak/Neutral
100002,100024,-0.103,Brand24 Pack (Energy),Brand1 Pack (Energy),Complement (Synergy)
100002,100027,-0.075,Brand24 Pack (Energy),Brand12 500ml (Energy),Complement (Synergy)
100002,100028,-0.185,Brand24 Pack (Energy),Brand1 Large (Energy),Complement (Synergy)
100002,100029,-0.193,Brand24 Pack (Energy),Brand1 Pack (Energy),Complement (Synergy)
100003,100002,-0.153,Brand22 Pack (Energy),Brand24 Pack (Energy),Complement (Synergy)
100003,100007,-0.144,Brand22 Pack (Energy),Brand10 Large (Energy),Complement (Synergy)
100003,100009,-0.076,Brand22 Pack (Energy),Brand7 Pack (Energy),Complement (Synergy)
100003,100023,-0.098,Brand22 Pack (Energy),Brand17 500ml (Energy),Complement (Synergy)
100003,100024,-0.133,Brand22 Pack (Energy),Brand1 Pack (Energy),Complement (Synergy)
100003,100027,-0.082,Brand22 Pack (Energy),Brand12 500ml (Energy),Complement (Synergy)
100003,100028,-0.171,Brand22 Pack (Energy),Brand1 Large (Energy),Complement (Synergy)
100003,100029,-0.189,Brand22 Pack (Energy),Brand1 Pack (Energy),Complement (Synergy)
100007,100002,-0.046,Brand10 Large (Energy),Brand24 Pack (Energy),Weak/Neutral
100007,100003,-0.098,Brand10 Large (Energy),Brand22 Pack (Energy),Complement (Synergy)
100007,100009,-0.083,Brand10 Large (Energy),Brand7 Pack (Energy),Complement (Synergy)
100007,100023,-0.145,Brand10 Large (Energy),Brand17 500ml (Energy),Complement (Synergy)
100007,100024,-0.133,Brand10 Large (Energy),Brand1 Pack (Energy),Complement (Synergy)
100007,100027,-0.185,Brand10 Large (Energy),Brand12 500ml (Energy),Complement (Synergy)
100007,100028,-0.046,Brand10 Large (Energy),Brand1 Large (Energy),Weak/Neutral
100007,100029,-0.093,Brand10 Large (Energy),Brand1 Pack (Energy),Complement (Synergy)
100009,100002,-0.185,Brand7 Pack (Energy),Brand24 Pack (Energy),Complement (Synergy)
100009,100003,-0.055,Brand7 Pack (Energy),Brand22 Pack (Energy),Complement (Synergy)
100009,100007,-0.12,Brand7 Pack (Energy),Brand10 Large (Energy),Complement (Synergy)
100009,100023,-0.062,Brand7 Pack (Energy),Brand17 500ml (Energy),Complement (Synergy)
100009,100024,-0.198,Brand7 Pack (Energy),Brand1 Pack (Energy),Complement (Synergy)
100009,100027,-0.195,Brand7 Pack (Energy),Brand12 500ml (Energy),Complement (Synergy)
100009,100028,-0.169,Brand7 Pack (Energy),Brand1 Large (Energy),Complement (Synergy)
100009,100029,-0.162,Brand7 Pack (Energy),Brand1 Pack (Energy),Complement (Synergy)
100023,100002,-0.062,Brand17 500ml (Energy),Brand24 Pack (Energy),Complement (Synergy)
100023,100003,-0.073,Brand17 500ml (Energy),Brand22 Pack (Energy),Complement (Synergy)
100023,100007,-0.089,Brand17 500ml (Energy),Brand10 Large (Energy),Complement (Synergy)
100023,100009,-0.041,Brand17 500ml (Energy),Brand7 Pack (Energy),Weak/Neutral
100023,100024,-0.156,Brand17 500ml (Energy),Brand1 Pack (Energy),Complement (Synergy)
100023,100027,-0.037,Brand17 500ml (Energy),Brand12 500ml (Energy),Weak/Neutral
100023,100028,-0.036,Brand17 500ml (Energy),Brand1 Large (Energy),Weak/Neutral
100023,100029,-0.122,Brand17 500ml (Energy),Brand1 Pack (Energy),Complement (Synergy)
100024,100002,-0.183,Brand1 Pack (Energy),Brand24 Pack (Energy),Complement (Synergy)
100024,100003,-0.069,Brand1 Pack (Energy),Brand22 Pack (Energy),Complement (Synergy)
100024,100007,-0.139,Brand1 Pack (Energy),Brand10 Large (Energy),Complement (Synergy)
100024,100009,-0.057,Brand1 Pack (Energy),Brand7 Pack (Energy),Complement (Synergy)
100024,100023,-0.171,Brand1 Pack (Energy),Brand17 500ml (Energy),Complement (Synergy)
100024,100027,-0.103,Brand1 Pack (Energy),Brand12 500ml (Energy),Complement (Synergy)
100024,100028,-0.109,Brand1 Pack (Energy),Brand1 Large (Energy),Complement (Synergy)
100024,100029,-0.182,Brand1 Pack (Energy),Brand1 Pack (Energy),Complement (Synergy)
100027,100002,-0.135,Brand12 500ml (Energy),Brand24 Pack (Energy),Complement (Synergy)
100027,100003,-0.185,Brand12 500ml (Energy),Brand22 Pack (Energy),Complement (Synergy)
100027,100007,-0.116,Brand12 500ml (Energy),Brand10 Large (Energy),Complement (Synergy)
100027,100009,-0.048,Brand12 500ml (Energy),Brand7 Pack (Energy),Weak/Neutral
100027,100023,-0.151,Brand12 500ml (Energy),Brand17 500ml (Energy),Complement (Synergy)
100027,100024,-0.062,Brand12 500ml (Energy),Brand1 Pack (Energy),Complement (Synergy)
100027,100028,-0.167,Brand12 500ml (Energy),Brand1 Large (Energy),Complement (Synergy)
100027,100029,-0.079,Brand12 500ml (Energy),Brand1 Pack (Energy),Complement (Synergy)
100028,100002,-0.035,Brand1 Large (Energy),Brand24 Pack (Energy),Weak/Neutral
100028,100003,-0.142,Brand1 Large (Energy),Brand22 Pack (Energy),Complement (Synergy)
100028,100007,-0.038,Brand1 Large (Energy),Brand10 Large (Energy),Weak/Neutral
100028,100009,-0.109,Brand1 Large (Energy),Brand7 Pack (Energy),Complement (Synergy)
100028,100023,-0.143,Brand1 Large (Energy),Brand17 500ml (Energy),Complement (Synergy)
100028,100024,-0.039,Brand1 Large (Energy),Brand1 Pack (Energy),Weak/Neutral
100028,100027,-0.194,Brand1 Large (Energy),Brand12 500ml (Energy),Complement (Synergy)
100028,100029,-0.195,Brand1 Large (Energy),Brand1 Pack (Energy),Complement (Synergy)
100029,100002,-0.092,Brand1 Pack (Energy),Brand24 Pack (Energy),Complement (Synergy)
100029,100003,-0.057,Brand1 Pack (Energy),Brand22 Pack (Energy),Complement (Synergy)
100029,100007,-0.065,Brand1 Pack (Energy),Brand10 Large (Energy),Complement (Synergy)
100029,100009,-0.186,Brand1 Pack (Energy),Brand7 Pack (Energy),Complement (Synergy)
100029,100023,-0.029,Brand1 Pack (Energy),Brand17 500ml (Energy),Weak/Neutral
100029,100024,-0.073,Brand1 Pack (Energy),Brand1 Pack (Energy),Complement (Synergy)
100029,100027,-0.029,Brand1 Pack (Energy),Brand12 500ml (Energy),Weak/Neutral
100029,100028,-0.141,Brand1 Pack (Energy),Brand1 Large (Energy),Complement (Synergy)
100018,100020,-0.075,Brand8 Pack (Tea),Brand13 1L (Tea),Complement (Synergy)
100018,100022,-0.045,Brand8 Pack (Tea),Brand12 500ml (Tea),Weak/Neutral
100020,100018,-0.132,Brand13 1L (Tea),Brand8 Pack (Tea),Complement (Synergy)
100020,100022,-0.026,Brand13 1L (Tea),Brand12 500ml (Tea),Weak/Neutral
100022,100018,-0.152,Brand12 500ml (Tea),Brand8 Pack (Tea),Complement (Synergy)
100022,100020,-0.143,Brand12 500ml (Tea),Brand13 1L (Tea),Complement (Synergy)
100000,100004,-0.034,Brand15 500ml (Water),Brand6 Medium (Water),Weak/Neutral
100000,100006,-0.025,Brand15 500ml (Water),Brand25 Small (Water),Weak/Neutral
100000,100008,-0.149,Brand15 500ml (Water),Brand25 Large (Water),Complement (Synergy)
100000,100012,-0.175,Brand15 500ml (Water),Brand15 330ml (Water),Complement (Synergy)
100000,100014,-0.063,Brand15 500ml (Water),Brand18 500ml (Water),Complement (Synergy)
100000,100016,-0.033,Brand15 500ml (Water),Brand22 Medium (Water),Weak/Neutral
100000,100017,-0.092,Brand15 500ml (Water),Brand2 Single (Water),Complement (Synergy)
100000,100026,-0.086,Brand15 500ml (Water),Brand2 Small (Water),Complement (Synergy)
100004,100000,-0.063,Brand6 Medium (Water),Brand15 500ml (Water),Complement (Synergy)
100004,100006,-0.172,Brand6 Medium (Water),Brand25 Small (Water),Complement (Synergy)
100004,100008,-0.025,Brand6 Medium (Water),Brand25 Large (Water),Weak/Neutral
100004,100012,-0.134,Brand6 Medium (Water),Brand15 330ml (Water),Complement (Synergy)
100004,100014,-0.087,Brand6 Medium (Water),Brand18 500ml (Water),Complement (Synergy)
100004,100016,-0.116,Brand6 Medium (Water),Brand22 Medium (Water),Complement (Synergy)
100004,100017,-0.116,Brand6 Medium (Water),Brand2 Single (Water),Complement (Synergy)
100004,100026,-0.074,Brand6 Medium (Water),Brand2 Small (Water),Complement (Synergy)
100006,100000,-0.021,Brand25 Small (Water),Brand15 500ml (Water),Weak/Neutral
100006,100004,-0.081,Brand25 Small (Water),Brand6 Medium (Water),Complement (Synergy)
100006,100008,-0.057,Brand25 Small (Water),Brand25 Large (Water),Complement (Synergy)
100006,100012,-0.195,Brand25 Small (Water),Brand15 330ml (Water),Complement (Synergy)
100006,100014,-0.054,Brand25 Small (Water),Brand18 500ml (Water),Complement (Synergy)
100006,100016,-0.146,Brand25 Small (Water),Brand22 Medium (Water),Complement (Synergy)
100006,100017,-0.177,Brand25 Small (Water),Brand2 Single (Water),Complement (Synergy)
100006,100026,-0.18,Brand25 Small (Water),Brand2 Small (Water),Complement (Synergy)
100008,100000,-0.078,Brand25 Large (Water),Brand15 500ml (Water),Complement (Synergy)
100008,100004,-0.02,Brand25 Large (Water),Brand6 Medium (Water),Weak/Neutral
100008,100006,-0.08,Brand25 Large (Water),Brand25 Small (Water),Complement (Synergy)
100008,100012,-0.153,Brand25 Large (Water),Brand15 330ml (Water),Complement (Synergy)
100008,100014,-0.163,Brand25 Large (Water),Brand18 500ml (Water),Complement (Synergy)
100008,100016,-0.105,Brand25 Large (Water),Brand22 Medium (Water),Complement (Synergy)
100008,100017,-0.188,Brand25 Large (Water),Brand2 Single (Water),Complement (Synergy)
100008,100026,-0.128,Brand25 Large (Water),Brand2 Small (Water),Complement (Synergy)
100012,100000,-0.08,Brand15 330ml (Water),Brand15 500ml (Water),Complement (Synergy)
100012,100004,-0.026,Brand15 330ml (Water),Brand6 Medium (Water),Weak/Neutral
100012,100006,-0.123,Brand15 330ml (Water),Brand25 Small (Water),Complement (Synergy)
100012,100008,-0.164,Brand15 330ml (Water),Brand25 Large (Water),Complement (Synergy)
100012,100014,-0.053,Brand15 330ml (Water),Brand18 500ml (Water),Complement (Synergy)
100012,100016,-0.066,Brand15 330ml (Water),Brand22 Medium (Water),Complement (Synergy)
100012,100017,-0.045,Brand15 330ml (Water),Brand2 Single (Water),Weak/Neutral
100012,100026,-0.161,Brand15 330ml (Water),Brand2 Small (Water),Complement (Synergy)
100014,100000,-0.127,Brand18 500ml (Water),Brand15 500ml (Water),Complement (Synergy)
100014,100004,-0.023,Brand18 500ml (Water),Brand6 Medium (Water),Weak/Neutral
100014,100006,-0.172,Brand18 500ml (Water),Brand25 Small (Water),Complement (Synergy)
100014,100008,-0.079,Brand18 500ml (Water),Brand25 Large (Water),Complement (Synergy)
100014,100012,-0.157,Brand18 500ml (Water),Brand15 330ml (Water),Complement (Synergy)
100014,100016,-0.11,Brand18 500ml (Water),Brand22 Medium (Water),Complement (Synergy)
100014,100017,-0.056,Brand18 500ml (Water),Brand2 Single (Water),Complement (Synergy)
100014,100026,-0.112,Brand18 500ml (Water),Brand2 Small (Water),Complement (Synergy)
100016,100000,-0.055,Brand22 Medium (Water),Brand15 500ml (Water),Complement (Synergy)
100016,100004,-0.123,Brand22 Medium (Water),Brand6 Medium (Water),Complement (Synergy)
100016,100006,-0.02,Brand22 Medium (Water),Brand25 Small (Water),Weak/Neutral
100016,100008,-0.122,Brand22 Medium (Water),Brand25 Large (Water),Complement (Synergy)
100016,100012,-0.173,Brand22 Medium (Water),Brand15 330ml (Water),Complement (Synergy)
100016,100014,-0.128,Brand22 Medium (Water),Brand18 500ml (Water),Complement (Synergy)
100016,100017,-0.066,Brand22 Medium (Water),Brand2 Single (Water),Complement (Synergy)
100016,100026,-0.047,Brand22 Medium (Water),Brand2 Small (Water),Weak/Neutral
100017,100000,-0.117,Brand2 Single (Water),Brand15 500ml (Water),Complement (Synergy)
100017,100004,-0.093,Brand2 Single (Water),Brand6 Medium (Water),Complement (Synergy)
100017,100006,-0.048,Brand2 Single (Water),Brand25 Small (Water),Weak/Neutral
100017,100008,-0.054,Brand2 Single (Water),Brand25 Large (Water),Complement (Synergy)
100017,100012,-0.082,Brand2 Single (Water),Brand15 330ml (Water),Complement (Synergy)
100017,100014,-0.053,Brand2 Single (Water),Brand18 500ml (Water),Complement (Synergy)
100017,100016,-0.096,Brand2 Single (Water),Brand22 Medium (Water),Complement (Synergy)
100017,100026,-0.199,Brand2 Single (Water),Brand2 Small (Water),Complement (Synergy)
100026,100000,-0.193,Brand2 Small (Water),Brand15 500ml (Water),Complement (Synergy)
100026,100004,-0.024,Brand2 Small (Water),Brand6 Medium (Water),Weak/Neutral
100026,100006,-0.174,Brand2 Small (Water),Brand25 Small (Water),Complement (Synergy)
100026,100008,-0.127,Brand2 Small (Water),Brand25 Large (Water),Complement (Synergy)
100026,100012,-0.032,Brand2 Small (Water),Brand15 330ml (Water),Weak/Neutral
100026,100014,-0.165,Brand2 Small (Water),Brand18 500ml (Water),Complement (Synergy)
100026,100016,-0.048,Brand2 Small (Water),Brand22 Medium (Water),Weak/Neutral
100026,100017,-0.053,Brand2 Small (Water),Brand2 Single (Water),Complement (Synergy)
100031,100038,-0.022,Brand15 Large (Biscuits),Brand25 1L (Biscuits),Weak/Neutral
100031,100039,-0.149,Brand15 Large (Biscuits),Brand9 Large (Biscuits),Complement (Synergy)
100031,100040,-0.143,Brand15 Large (Biscuits),Brand5 Small (Biscuits),Complement (Synergy)
100031,100043,-0.037,Brand15 Large (Biscuits),Brand17 Single (Biscuits),Weak/Neutral
100031,100045,-0.158,Brand15 Large (Biscuits),Brand5 Small (Biscuits),Complement (Synergy)
100031,100052,-0.101,Brand15 Large (Biscuits),Brand6 500ml (Biscuits),Complement (Synergy)
100031,100058,-0.073,Brand15 Large (Biscuits),Brand1 500ml (Biscuits),Complement (Synergy)
100038,100031,-0.151,Brand25 1L (Biscuits),Brand15 Large (Biscuits),Complement (Synergy)
100038,100039,-0.031,Brand25 1L (Biscuits),Brand9 Large (Biscuits),Weak/Neutral
100038,100040,-0.08,Brand25 1L (Biscuits),Brand5 Small (Biscuits),Complement (Synergy)
100038,100043,-0.192,Brand25 1L (Biscuits),Brand17 Single (Biscuits),Complement (Synergy)
100038,100045,-0.176,Brand25 1L (Biscuits),Brand5 Small (Biscuits),Complement (Synergy)
100038,100052,-0.166,Brand25 1L (Biscuits),Brand6 500ml (Biscuits),Complement (Synergy)
100038,100058,-0.156,Brand25 1L (Biscuits),Brand1 500ml (Biscuits),Complement (Synergy)
100039,100031,-0.068,Brand9 Large (Biscuits),Brand15 Large (Biscuits),Complement (Synergy)
100039,100038,-0.184,Brand9 Large (Biscuits),Brand25 1L (Biscuits),Complement (Synergy)
100039,100040,-0.137,Brand9 Large (Biscuits),Brand5 Small (Biscuits),Complement (Synergy)
100039,100043,-0.036,Brand9 Large (Biscuits),Brand17 Single (Biscuits),Weak/Neutral
100039,100045,-0.1,Brand9 Large (Biscuits),Brand5 Small (Biscuits),Complement (Synergy)
100039,100052,-0.152,Brand9 Large (Biscuits),Brand6 500ml (Biscuits),Complement (Synergy)
100039,100058,-0.028,Brand9 Large (Biscuits),Brand1 500ml (Biscuits),Weak/Neutral
100040,100031,-0.156,Brand5 Small (Biscuits),Brand15 Large (Biscuits),Complement (Synergy)
100040,100038,-0.037,Brand5 Small (Biscuits),Brand25 1L (Biscuits),Weak/Neutral
100040,100039,-0.069,Brand5 Small (Biscuits),Brand9 Large (Biscuits),Complement (Synergy)
100040,100043,-0.067,Brand5 Small (Biscuits),Brand17 Single (Biscuits),Complement (Synergy)
100040,100045,-0.062,Brand5 Small (Biscuits),Brand5 Small (Biscuits),Complement (Synergy)
100040,100052,-0.109,Brand5 Small (Biscuits),Brand6 500ml (Biscuits),Complement (Synergy)
100040,100058,-0.053,Brand5 Small (Biscuits),Brand1 500ml (Biscuits),Complement (Synergy)
100043,100031,-0.049,Brand17 Single (Biscuits),Brand15 Large (Biscuits),Weak/Neutral
100043,100038,-0.135,Brand17 Single (Biscuits),Brand25 1L (Biscuits),Complement (Synergy)
100043,100039,-0.128,Brand17 Single (Biscuits),Brand9 Large (Biscuits),Complement (Synergy)
100043,100040,-0.04,Brand17 Single (Biscuits),Brand5 Small (Biscuits),Weak/Neutral
100043,100045,-0.106,Brand17 Single (Biscuits),Brand5 Small (Biscuits),Complement (Synergy)
100043,100052,-0.044,Brand17 Single (Biscuits),Brand6 500ml (Biscuits),Weak/Neutral
100043,100058,-0.087,Brand17 Single (Biscuits),Brand1 500ml (Biscuits),Complement (Synergy)
100045,100031,-0.093,Brand5 Small (Biscuits),Brand15 Large (Biscuits),Complement (Synergy)
100045,100038,-0.194,Brand5 Small (Biscuits),Brand25 1L (Biscuits),Complement (Synergy)
100045,100039,-0.15,Brand5 Small (Biscuits),Brand9 Large (Biscuits),Complement (Synergy)
100045,100040,-0.11,Brand5 Small (Biscuits),Brand5 Small (Biscuits),Complement (Synergy)
100045,100043,-0.094,Brand5 Small (Biscuits),Brand17 Single (Biscuits),Complement (Synergy)
100045,100052,-0.087,Brand5 Small (Biscuits),Brand6 500ml (Biscuits),Complement (Synergy)
100045,100058,-0.071,Brand5 Small (Biscuits),Brand1 500ml (Biscuits),Complement (Synergy)
100052,100031,-0.082,Brand6 500ml (Biscuits),Brand15 Large (Biscuits),Complement (Synergy)
100052,100038,-0.047,Brand6 500ml (Biscuits),Brand25 1L (Biscuits),Weak/Neutral
100052,100039,-0.147,Brand6 500ml (Biscuits),Brand9 Large (Biscuits),Complement (Synergy)
100052,100040,-0.085,Brand6 500ml (Biscuits),Brand5 Small (Biscuits),Complement (Synergy)
100052,100043,-0.191,Brand6 500ml (Biscuits),Brand17 Single (Biscuits),Complement (Synergy)
100052,100045,-0.114,Brand6 500ml (Biscuits),Brand5 Small (Biscuits),Complement (Synergy)
100052,100058,-0.152,Brand6 500ml (Biscuits),Brand1 500ml (Biscuits),Complement (Synergy)
100058,100031,-0.131,Brand1 500ml (Biscuits),Brand15 Large (Biscuits),Complement (Synergy)
100058,100038,-0.136,Brand1 500ml (Biscuits),Brand25 1L (Biscuits),Complement (Synergy)
100058,100039,-0.189,Brand1 500ml (Biscuits),Brand9 Large (Biscuits),Complement (Synergy)
100058,100040,-0.116,Brand1 500ml (Biscuits),Brand5 Small (Biscuits),Complement (Synergy)
100058,100043,-0.021,Brand1 500ml (Biscuits),Brand17 Single (Biscuits),Weak/Neutral
100058,100045,-0.146,Brand1 500ml (Biscuits),Brand5 Small (Biscuits),Complement (Synergy)
100058,100052,-0.067,Brand1 500ml (Biscuits),Brand6 500ml (Biscuits),Complement (Synergy)
100035,100036,-0.101,Brand10 1L (Chips),Brand12 Single (Chips),Complement (Synergy)
100035,100041,-0.141,Brand10 1L (Chips),Brand12 500ml (Chips),Complement (Synergy)
100035,100042,-0.184,Brand10 1L (Chips),Brand24 1L (Chips),Complement (Synergy)
100035,100044,-0.161,Brand10 1L (Chips),Brand7 Medium (Chips),Complement (Synergy)
100035,100049,-0.059,Brand10 1L (Chips),Brand2 Pack (Chips),Complement (Synergy)
100035,100050,-0.15,Brand10 1L (Chips),Brand6 330ml (Chips),Complement (Synergy)
100036,100035,-0.174,Brand12 Single (Chips),Brand10 1L (Chips),Complement (Synergy)
100036,100041,-0.14,Brand12 Single (Chips),Brand12 500ml (Chips),Complement (Synergy)
100036,100042,-0.095,Brand12 Single (Chips),Brand24 1L (Chips),Complement (Synergy)
100036,100044,-0.073,Brand12 Single (Chips),Brand7 Medium (Chips),Complement (Synergy)
100036,100049,-0.13,Brand12 Single (Chips),Brand2 Pack (Chips),Complement (Synergy)
100036,100050,-0.11,Brand12 Single (Chips),Brand6 330ml (Chips),Complement (Synergy)
100041,100035,-0.118,Brand12 500ml (Chips),Brand10 1L (Chips),Complement (Synergy)
100041,100036,-0.198,Brand12 500ml (Chips),Brand12 Single (Chips),Complement (Synergy)
100041,100042,-0.129,Brand12 500ml (Chips),Brand24 1L (Chips),Complement (Synergy)
100041,100044,-0.094,Brand12 500ml (Chips),Brand7 Medium (Chips),Complement (Synergy)
100041,100049,-0.097,Brand12 500ml (Chips),Brand2 Pack (Chips),Complement (Synergy)
100041,100050,-0.065,Brand12 500ml (Chips),Brand6 330ml (Chips),Complement (Synergy)
100042,100035,-0.079,Brand24 1L (Chips),Brand10 1L (Chips),Complement (Synergy)
100042,100036,-0.15,Brand24 1L (Chips),Brand12 Single (Chips),Complement (Synergy)
100042,100041,-0.154,Brand24 1L (Chips),Brand12 500ml (Chips),Complement (Synergy)
100042,100044,-0.116,Brand24 1L (Chips),Brand7 Medium (Chips),Complement (Synergy)
100042,100049,-0.068,Brand24 1L (Chips),Brand2 Pack (Chips),Complement (Synergy)
100042,100050,-0.183,Brand24 1L (Chips),Brand6 330ml (Chips),Complement (Synergy)
100044,100035,-0.029,Brand7 Medium (Chips),Brand10 1L (Chips),Weak/Neutral
100044,100036,-0.102,Brand7 Medium (Chips),Brand12 Single (Chips),Complement (Synergy)
100044,100041,-0.145,Brand7 Medium (Chips),Brand12 500ml (Chips),Complement (Synergy)
100044,100042,-0.075,Brand7 Medium (Chips),Brand24 1L (Chips),Complement (Synergy)
100044,100049,-0.192,Brand7 Medium (Chips),Brand2 Pack (Chips),Complement (Synergy)
100044,100050,-0.113,Brand7 Medium (Chips),Brand6 330ml (Chips),Complement (Synergy)
100049,100035,-0.113,Brand2 Pack (Chips),Brand10 1L (Chips),Complement (Synergy)
100049,100036,-0.171,Brand2 Pack (Chips),Brand12 Single (Chips),Complement (Synergy)
100049,100041,-0.049,Brand2 Pack (Chips),Brand12 500ml (Chips),Weak/Neutral
100049,100042,-0.057,Brand2 Pack (Chips),Brand24 1L (Chips),Complement (Synergy)
100049,100044,-0.173,Brand2 Pack (Chips),Brand7 Medium (Chips),Complement (Synergy)
100049,100050,-0.135,Brand2 Pack (Chips),Brand6 330ml (Chips),Complement (Synergy)
100050,100035,-0.182,Brand6 330ml (Chips),Brand10 1L (Chips),Complement (Synergy)
100050,100036,-0.047,Brand6 330ml (Chips),Brand12 Single (Chips),Weak/Neutral
100050,100041,-0.142,Brand6 330ml (Chips),Brand12 500ml (Chips),Complement (Synergy)
100050,100042,-0.121,Brand6 330ml (Chips),Brand24 1L (Chips),Complement (Synergy)
100050,100044,-0.142,Brand6 330ml (Chips),Brand7 Medium (Chips),Complement (Synergy)
100050,100049,-0.144,Brand6 330ml (Chips),Brand2 Pack (Chips),Complement (Synergy)
100032,100034,-0.065,Brand4 Pack (Chocolate),Brand7 Large (Chocolate),Complement (Synergy)
100032,100037,-0.065,Brand4 Pack (Chocolate),Brand23 1L (Chocolate),Complement (Synergy)
100032,100047,-0.107,Brand4 Pack (Chocolate),Brand22 330ml (Chocolate),Complement (Synergy)
100032,100048,-0.082,Brand4 Pack (Chocolate),Brand1 Small (Chocolate),Complement (Synergy)
100032,100053,-0.108,Brand4 Pack (Chocolate),Brand2 250ml (Chocolate),Complement (Synergy)
100032,100055,-0.195,Brand4 Pack (Chocolate),Brand6 Large (Chocolate),Complement (Synergy)
100032,100056,-0.188,Brand4 Pack (Chocolate),Brand4 Large (Chocolate),Complement (Synergy)
100032,100059,-0.131,Brand4 Pack (Chocolate),Brand1 1L (Chocolate),Complement (Synergy)
100034,100032,-0.065,Brand7 Large (Chocolate),Brand4 Pack (Chocolate),Complement (Synergy)
100034,100037,-0.036,Brand7 Large (Chocolate),Brand23 1L (Chocolate),Weak/Neutral
100034,100047,-0.195,Brand7 Large (Chocolate),Brand22 330ml (Chocolate),Complement (Synergy)
100034,100048,-0.134,Brand7 Large (Chocolate),Brand1 Small (Chocolate),Complement (Synergy)
100034,100053,-0.16,Brand7 Large (Chocolate),Brand2 250ml (Chocolate),Complement (Synergy)
100034,100055,-0.053,Brand7 Large (Chocolate),Brand6 Large (Chocolate),Complement (Synergy)
100034,100056,-0.048,Brand7 Large (Chocolate),Brand4 Large (Chocolate),Weak/Neutral
100034,100059,-0.163,Brand7 Large (Chocolate),Brand1 1L (Chocolate),Complement (Synergy)
100037,100032,-0.072,Brand23 1L (Chocolate),Brand4 Pack (Chocolate),Complement (Synergy)
100037,100034,-0.068,Brand23 1L (Chocolate),Brand7 Large (Chocolate),Complement (Synergy)
100037,100047,-0.168,Brand23 1L (Chocolate),Brand22 330ml (Chocolate),Complement (Synergy)
100037,100048,-0.122,Brand23 1L (Chocolate),Brand1 Small (Chocolate),Complement (Synergy)
100037,100053,-0.088,Brand23 1L (Chocolate),Brand2 250ml (Chocolate),Complement (Synergy)
100037,100055,-0.195,Brand23 1L (Chocolate),Brand6 Large (Chocolate),Complement (Synergy)
100037,100056,-0.127,Brand23 1L (Chocolate),Brand4 Large (Chocolate),Complement (Synergy)
100037,100059,-0.172,Brand23 1L (Chocolate),Brand1 1L (Chocolate),Complement (Synergy)
100047,100032,-0.102,Brand22 330ml (Chocolate),Brand4 Pack (Chocolate),Complement (Synergy)
100047,100034,-0.048,Brand22 330ml (Chocolate),Brand7 Large (Chocolate),Weak/Neutral
100047,100037,-0.106,Brand22 330ml (Chocolate),Brand23 1L (Chocolate),Complement (Synergy)
100047,100048,-0.194,Brand22 330ml (Chocolate),Brand1 Small (Chocolate),Complement (Synergy)
100047,100053,-0.195,Brand22 330ml (Chocolate),Brand2 250ml (Chocolate),Complement (Synergy)
100047,100055,-0.091,Brand22 330ml (Chocolate),Brand6 Large (Chocolate),Complement (Synergy)
100047,100056,-0.141,Brand22 330ml (Chocolate),Brand4 Large (Chocolate),Complement (Synergy)
100047,100059,-0.097,Brand22 330ml (Chocolate),Brand1 1L (Chocolate),Complement (Synergy)
100048,100032,-0.171,Brand1 Small (Chocolate),Brand4 Pack (Chocolate),Complement (Synergy)
100048,100034,-0.06,Brand1 Small (Chocolate),Brand7 Large (Chocolate),Complement (Synergy)
100048,100037,-0.045,Brand1 Small (Chocolate),Brand23 1L (Chocolate),Weak/Neutral
100048,100047,-0.04,Brand1 Small (Chocolate),Brand22 330ml (Chocolate),Weak/Neutral
100048,100053,-0.145,Brand1 Small (Chocolate),Brand2 250ml (Chocolate),Complement (Synergy)
100048,100055,-0.081,Brand1 Small (Chocolate),Brand6 Large (Chocolate),Complement (Synergy)
100048,100056,-0.15,Brand1 Small (Chocolate),Brand4 Large (Chocolate),Complement (Synergy)
100048,100059,-0.063,Brand1 Small (Chocolate),Brand1 1L (Chocolate),Complement (Synergy)
100053,100032,-0.178,Brand2 250ml (Chocolate),Brand4 Pack (Chocolate),Complement (Synergy)
100053,100034,-0.063,Brand2 250ml (Chocolate),Brand7 Large (Chocolate),Complement (Synergy)
100053,100037,-0.121,Brand2 250ml (Chocolate),Brand23 1L (Chocolate),Complement (Synergy)
100053,100047,-0.046,Brand2 250ml (Chocolate),Brand22 330ml (Chocolate),Weak/Neutral
100053,100048,-0.067,Brand2 250ml (Chocolate),Brand1 Small (Chocolate),Complement (Synergy)
100053,100055,-0.132,Brand2 250ml (Chocolate),Brand6 Large (Chocolate),Complement (Synergy)
100053,100056,-0.037,Brand2 250ml (Chocolate),Brand4 Large (Chocolate),Weak/Neutral
100053,100059,-0.149,Brand2 250ml (Chocolate),Brand1 1L (Chocolate),Complement (Synergy)
100055,100032,-0.026,Brand6 Large (Chocolate),Brand4 Pack (Chocolate),Weak/Neutral
100055,100034,-0.062,Brand6 Large (Chocolate),Brand7 Large (Chocolate),Complement (Synergy)
100055,100037,-0.022,Brand6 Large (Chocolate),Brand23 1L (Chocolate),Weak/Neutral
100055,100047,-0.19,Brand6 Large (Chocolate),Brand22 330ml (Chocolate),Complement (Synergy)
100055,100048,-0.151,Brand6 Large (Chocolate),Brand1 Small (Chocolate),Complement (Synergy)
100055,100053,-0.067,Brand6 Large (Chocolate),Brand2 250ml (Chocolate),Complement (Synergy)
100055,100056,-0.034,Brand6 Large (Chocolate),Brand4 Large (Chocolate),Weak/Neutral
100055,100059,-0.195,Brand6 Large (Chocolate),Brand1 1L (Chocolate),Complement (Synergy)
100056,100032,-0.2,Brand4 Large (Chocolate),Brand4 Pack (Chocolate),Complement (Synergy)
100056,100034,-0.154,Brand4 Large (Chocolate),Brand7 Large (Chocolate),Complement (Synergy)
100056,100037,-0.046,Brand4 Large (Chocolate),Brand23 1L (Chocolate),Weak/Neutral
100056,100047,-0.062,Brand4 Large (Chocolate),Brand22 330ml (Chocolate),Complement (Synergy)
100056,100048,-0.139,Brand4 Large (Chocolate),Brand1 Small (Chocolate),Complement (Synergy)
100056,100053,-0.2,Brand4 Large (Chocolate),Brand2 250ml (Chocolate),Complement (Synergy)
100056,100055,-0.1,Brand4 Large (Chocolate),Brand6 Large (Chocolate),Complement (Synergy)
100056,100059,-0.157,Brand4 Large (Chocolate),Brand1 1L (Chocolate),Complement (Synergy)
100059,100032,-0.066,Brand1 1L (Chocolate),Brand4 Pack (Chocolate),Complement (Synergy)
100059,100034,-0.12,Brand1 1L (Chocolate),Brand7 Large (Chocolate),Complement (Synergy)
100059,100037,-0.078,Brand1 1L (Chocolate),Brand23 1L (Chocolate),Complement (Synergy)
100059,100047,-0.047,Brand1 1L (Chocolate),Brand22 330ml (Chocolate),Weak/Neutral
100059,100048,-0.104,Brand1 1L (Chocolate),Brand1 Small (Chocolate),Complement (Synergy)
100059,100053,-0.14,Brand1 1L (Chocolate),Brand2 250ml (Chocolate),Complement (Synergy)
100059,100055,-0.061,Brand1 1L (Chocolate),Brand6 Large (Chocolate),Complement (Synergy)
100059,100056,-0.152,Brand1 1L (Chocolate),Brand4 Large (Chocolate),Complement (Synergy)
100030,100033,-0.04,Brand14 330ml (Nuts),Brand11 Single (Nuts),Weak/Neutral
100030,100046,-0.187,Brand14 330ml (Nuts),Brand17 Medium (Nuts),Complement (Synergy)
100030,100051,-0.05,Brand14 330ml (Nuts),Brand11 500ml (Nuts),Weak/Neutral
100030,100054,-0.184,Brand14 330ml (Nuts),Brand16 Small (Nuts),Complement (Synergy)
100030,100057,-0.19,Brand14 330ml (Nuts),Brand19 Single (Nuts),Complement (Synergy)
100033,100030,-0.135,Brand11 Single (Nuts),Brand14 330ml (Nuts),Complement (Synergy)
100033,100046,-0.028,Brand11 Single (Nuts),Brand17 Medium (Nuts),Weak/Neutral
100033,100051,-0.023,Brand11 Single (Nuts),Brand11 500ml (Nuts),Weak/Neutral
100033,100054,-0.164,Brand11 Single (Nuts),Brand16 Small (Nuts),Complement (Synergy)
100033,100057,-0.173,Brand11 Single (Nuts),Brand19 Single (Nuts),Complement (Synergy)
100046,100030,-0.136,Brand17 Medium (Nuts),Brand14 330ml (Nuts),Complement (Synergy)
100046,100033,-0.139,Brand17 Medium (Nuts),Brand11 Single (Nuts),Complement (Synergy)
100046,100051,-0.063,Brand17 Medium (Nuts),Brand11 500ml (Nuts),Complement (Synergy)
100046,100054,-0.12,Brand17 Medium (Nuts),Brand16 Small (Nuts),Complement (Synergy)
100046,100057,-0.06,Brand17 Medium (Nuts),Brand19 Single (Nuts),Complement (Synergy)
100051,100030,-0.065,Brand11 500ml (Nuts),Brand14 330ml (Nuts),Complement (Synergy)
100051,100033,-0.096,Brand11 500ml (Nuts),Brand11 Single (Nuts),Complement (Synergy)
100051,100046,-0.05,Brand11 500ml (Nuts),Brand17 Medium (Nuts),Weak/Neutral
100051,100054,-0.165,Brand11 500ml (Nuts),Brand16 Small (Nuts),Complement (Synergy)
100051,100057,-0.171,Brand11 500ml (Nuts),Brand19 Single (Nuts),Complement (Synergy)
100054,100030,-0.065,Brand16 Small (Nuts),Brand14 330ml (Nuts),Complement (Synergy)
100054,100033,-0.156,Brand16 Small (Nuts),Brand11 Single (Nuts),Complement (Synergy)
100054,100046,-0.199,Brand16 Small (Nuts),Brand17 Medium (Nuts),Complement (Synergy)
100054,100051,-0.036,Brand16 Small (Nuts),Brand11 500ml (Nuts),Weak/Neutral
100054,100057,-0.088,Brand16 Small (Nuts),Brand19 Single (Nuts),Complement (Synergy)
100057,100030,-0.12,Brand19 Single (Nuts),Brand14 330ml (Nuts),Complement (Synergy)
100057,100033,-0.069,Brand19 Single (Nuts),Brand11 Single (Nuts),Complement (Synergy)
100057,100046,-0.14,Brand19 Single (Nuts),Brand17 Medium (Nuts),Complement (Synergy)
100057,100051,-0.028,Brand19 Single (Nuts),Brand11 500ml (Nuts),Weak/Neutral
100057,100054,-0.188,Brand19 Single (Nuts),Brand16 Small (Nuts),Complement (Synergy)
100062,100063,-0.085,Brand2 Small (Cheese),Brand5 330ml (Cheese),Complement (Synergy)
100062,100064,-0.06,Brand2 Small (Cheese),Brand3 Large (Cheese),Complement (Synergy)
100062,100069,-0.116,Brand2 Small (Cheese),Brand18 Medium (Cheese),Complement (Synergy)
100062,100071,-0.064,Brand2 Small (Cheese),Brand4 Small (Cheese),Complement (Synergy)
100062,100077,-0.033,Brand2 Small (Cheese),Brand16 Large (Cheese),Weak/Neutral
100062,100080,-0.066,Brand2 Small (Cheese),Brand5 500ml (Cheese),Complement (Synergy)
100062,100081,-0.144,Brand2 Small (Cheese),Brand14 Pack (Cheese),Complement (Synergy)
100062,100082,-0.099,Brand2 Small (Cheese),Brand20 Pack (Cheese),Complement (Synergy)
100062,100087,-0.036,Brand2 Small (Cheese),Brand8 Small (Cheese),Weak/Neutral
100063,100062,-0.119,Brand5 330ml (Cheese),Brand2 Small (Cheese),Complement (Synergy)
100063,100064,-0.077,Brand5 330ml (Cheese),Brand3 Large (Cheese),Complement (Synergy)
100063,100069,-0.116,Brand5 330ml (Cheese),Brand18 Medium (Cheese),Complement (Synergy)
100063,100071,-0.178,Brand5 330ml (Cheese),Brand4 Small (Cheese),Complement (Synergy)
100063,100077,-0.189,Brand5 330ml (Cheese),Brand16 Large (Cheese),Complement (Synergy)
100063,100080,-0.029,Brand5 330ml (Cheese),Brand5 500ml (Cheese),Weak/Neutral
100063,100081,-0.09,Brand5 330ml (Cheese),Brand14 Pack (Cheese),Complement (Synergy)
100063,100082,-0.181,Brand5 330ml (Cheese),Brand20 Pack (Cheese),Complement (Synergy)
100063,100087,-0.046,Brand5 330ml (Cheese),Brand8 Small (Cheese),Weak/Neutral
100064,100062,-0.106,Brand3 Large (Cheese),Brand2 Small (Cheese),Complement (Synergy)
100064,100063,-0.061,Brand3 Large (Cheese),Brand5 330ml (Cheese),Complement (Synergy)
100064,100069,-0.177,Brand3 Large (Cheese),Brand18 Medium (Cheese),Complement (Synergy)
100064,100071,-0.037,Brand3 Large (Cheese),Brand4 Small (Cheese),Weak/Neutral
100064,100077,-0.094,Brand3 Large (Cheese),Brand16 Large (Cheese),Complement (Synergy)
100064,100080,-0.067,Brand3 Large (Cheese),Brand5 500ml (Cheese),Complement (Synergy)
100064,100081,-0.194,Brand3 Large (Cheese),Brand14 Pack (Cheese),Complement (Synergy)
100064,100082,-0.143,Brand3 Large (Cheese),Brand20 Pack (Cheese),Complement (Synergy)
100064,100087,-0.152,Brand3 Large (Cheese),Brand8 Small (Cheese),Complement (Synergy)
100069,100062,-0.029,Brand18 Medium (Cheese),Brand2 Small (Cheese),Weak/Neutral
100069,100063,-0.167,Brand18 Medium (Cheese),Brand5 330ml (Cheese),Complement (Synergy)
100069,100064,-0.073,Brand18 Medium (Cheese),Brand3 Large (Cheese),Complement (Synergy)
100069,100071,-0.192,Brand18 Medium (Cheese),Brand4 Small (Cheese),Complement (Synergy)
100069,100077,-0.164,Brand18 Medium (Cheese),Brand16 Large (Cheese),Complement (Synergy)
100069,100080,-0.139,Brand18 Medium (Cheese),Brand5 500ml (Cheese),Complement (Synergy)
100069,100081,-0.057,Brand18 Medium (Cheese),Brand14 Pack (Cheese),Complement (Synergy)
100069,100082,-0.058,Brand18 Medium (Cheese),Brand20 Pack (Cheese),Complement (Synergy)
100069,100087,-0.029,Brand18 Medium (Cheese),Brand8 Small (Cheese),Weak/Neutral
100071,100062,-0.035,Brand4 Small (Cheese),Brand2 Small (Cheese),Weak/Neutral
100071,100063,-0.185,Brand4 Small (Cheese),Brand5 330ml (Cheese),Complement (Synergy)
100071,100064,-0.051,Brand4 Small (Cheese),Brand3 Large (Cheese),Complement (Synergy)
100071,100069,-0.119,Brand4 Small (Cheese),Brand18 Medium (Cheese),Complement (Synergy)
100071,100077,-0.044,Brand4 Small (Cheese),Brand16 Large (Cheese),Weak/Neutral
100071,100080,-0.184,Brand4 Small (Cheese),Brand5 500ml (Cheese),Complement (Synergy)
100071,100081,-0.052,Brand4 Small (Cheese),Brand14 Pack (Cheese),Complement (Synergy)
100071,100082,-0.171,Brand4 Small (Cheese),Brand20 Pack (Cheese),Complement (Synergy)
100071,100087,-0.14,Brand4 Small (Cheese),Brand8 Small (Cheese),Complement (Synergy)
100077,100062,-0.195,Brand16 Large (Cheese),Brand2 Small (Cheese),Complement (Synergy)
100077,100063,-0.178,Brand16 Large (Cheese),Brand5 330ml (Cheese),Complement (Synergy)
100077,100064,-0.12,Brand16 Large (Cheese),Brand3 Large (Cheese),Complement (Synergy)
100077,100069,-0.053,Brand16 Large (Cheese),Brand18 Medium (Cheese),Complement (Synergy)
100077,100071,-0.061,Brand16 Large (Cheese),Brand4 Small (Cheese),Complement (Synergy)
100077,100080,-0.158,Brand16 Large (Cheese),Brand5 500ml (Cheese),Complement (Synergy)
100077,100081,-0.173,Brand16 Large (Cheese),Brand14 Pack (Cheese),Complement (Synergy)
100077,100082,-0.13,Brand16 Large (Cheese),Brand20 Pack (Cheese),Complement (Synergy)
100077,100087,-0.041,Brand16 Large (Cheese),Brand8 Small (Cheese),Weak/Neutral
100080,100062,-0.184,Brand5 500ml (Cheese),Brand2 Small (Cheese),Complement (Synergy)
100080,100063,-0.102,Brand5 500ml (Cheese),Brand5 330ml (Cheese),Complement (Synergy)
100080,100064,-0.184,Brand5 500ml (Cheese),Brand3 Large (Cheese),Complement (Synergy)
100080,100069,-0.115,Brand5 500ml (Cheese),Brand18 Medium (Cheese),Complement (Synergy)
100080,100071,-0.177,Brand5 500ml (Cheese),Brand4 Small (Cheese),Complement (Synergy)
100080,100077,-0.186,Brand5 500ml (Cheese),Brand16 Large (Cheese),Complement (Synergy)
100080,100081,-0.166,Brand5 500ml (Cheese),Brand14 Pack (Cheese),Complement (Synergy)
100080,100082,-0.154,Brand5 500ml (Cheese),Brand20 Pack (Cheese),Complement (Synergy)
100080,100087,-0.15,Brand5 500ml (Cheese),Brand8 Small (Cheese),Complement (Synergy)
100081,100062,-0.084,Brand14 Pack (Cheese),Brand2 Small (Cheese),Complement (Synergy)
100081,100063,-0.19,Brand14 Pack (Cheese),Brand5 330ml (Cheese),Complement (Synergy)
100081,100064,-0.185,Brand14 Pack (Cheese),Brand3 Large (Cheese),Complement (Synergy)
100081,100069,-0.166,Brand14 Pack (Cheese),Brand18 Medium (Cheese),Complement (Synergy)
100081,100071,-0.043,Brand14 Pack (Cheese),Brand4 Small (Cheese),Weak/Neutral
100081,100077,-0.087,Brand14 Pack (Cheese),Brand16 Large (Cheese),Complement (Synergy)
100081,100080,-0.069,Brand14 Pack (Cheese),Brand5 500ml (Cheese),Complement (Synergy)
100081,100082,-0.133,Brand14 Pack (Cheese),Brand20 Pack (Cheese),Complement (Synergy)
100081,100087,-0.162,Brand14 Pack (Cheese),Brand8 Small (Cheese),Complement (Synergy)
100082,100062,-0.193,Brand20 Pack (Cheese),Brand2 Small (Cheese),Complement (Synergy)
100082,100063,-0.112,Brand20 Pack (Cheese),Brand5 330ml (Cheese),Complement (Synergy)
100082,100064,-0.097,Brand20 Pack (Cheese),Brand3 Large (Cheese),Complement (Synergy)
100082,100069,-0.039,Brand20 Pack (Cheese),Brand18 Medium (Cheese),Weak/Neutral
100082,100071,-0.041,Brand20 Pack (Cheese),Brand4 Small (Cheese),Weak/Neutral
100082,100077,-0.124,Brand20 Pack (Cheese),Brand16 Large (Cheese),Complement (Synergy)
100082,100080,-0.124,Brand20 Pack (Cheese),Brand5 500ml (Cheese),Complement (Synergy)
100082,100081,-0.171,Brand20 Pack (Cheese),Brand14 Pack (Cheese),Complement (Synergy)
100082,100087,-0.154,Brand20 Pack (Cheese),Brand8 Small (Cheese),Complement (Synergy)
100087,100062,-0.033,Brand8 Small (Cheese),Brand2 Small (Cheese),Weak/Neutral
100087,100063,-0.175,Brand8 Small (Cheese),Brand5 330ml (Cheese),Complement (Synergy)
100087,100064,-0.026,Brand8 Small (Cheese),Brand3 Large (Cheese),Weak/Neutral
100087,100069,-0.109,Brand8 Small (Cheese),Brand18 Medium (Cheese),Complement (Synergy)
100087,100071,-0.118,Brand8 Small (Cheese),Brand4 Small (Cheese),Complement (Synergy)
100087,100077,-0.169,Brand8 Small (Cheese),Brand16 Large (Cheese),Complement (Synergy)
100087,100080,-0.081,Brand8 Small (Cheese),Brand5 500ml (Cheese),Complement (Synergy)
100087,100081,-0.117,Brand8 Small (Cheese),Brand14 Pack (Cheese),Complement (Synergy)
100087,100082,-0.133,Brand8 Small (Cheese),Brand20 Pack (Cheese),Complement (Synergy)
100060,100061,-0.152,Brand23 Large (Milk),Brand16 1L (Milk),Complement (Synergy)
100060,100065,-0.188,Brand23 Large (Milk),Brand24 Small (Milk),Complement (Synergy)
100060,100067,-0.107,Brand23 Large (Milk),Brand8 Single (Milk),Complement (Synergy)
100060,100068,-0.144,Brand23 Large (Milk),Brand25 Large (Milk),Complement (Synergy)
100060,100070,-0.073,Brand23 Large (Milk),Brand3 1L (Milk),Complement (Synergy)
100060,100079,-0.07,Brand23 Large (Milk),Brand14 Pack (Milk),Complement (Synergy)
100060,100089,-0.14,Brand23 Large (Milk),Brand23 Large (Milk),Complement (Synergy)
100061,100060,-0.08,Brand16 1L (Milk),Brand23 Large (Milk),Complement (Synergy)
100061,100065,-0.153,Brand16 1L (Milk),Brand24 Small (Milk),Complement (Synergy)
100061,100067,-0.069,Brand16 1L (Milk),Brand8 Single (Milk),Complement (Synergy)
100061,100068,-0.197,Brand16 1L (Milk),Brand25 Large (Milk),Complement (Synergy)
100061,100070,-0.173,Brand16 1L (Milk),Brand3 1L (Milk),Complement (Synergy)
100061,100079,-0.156,Brand16 1L (Milk),Brand14 Pack (Milk),Complement (Synergy)
100061,100089,-0.061,Brand16 1L (Milk),Brand23 Large (Milk),Complement (Synergy)
100065,100060,-0.188,Brand24 Small (Milk),Brand23 Large (Milk),Complement (Synergy)
100065,100061,-0.166,Brand24 Small (Milk),Brand16 1L (Milk),Complement (Synergy)
100065,100067,-0.135,Brand24 Small (Milk),Brand8 Single (Milk),Complement (Synergy)
100065,100068,-0.198,Brand24 Small (Milk),Brand25 Large (Milk),Complement (Synergy)
100065,100070,-0.063,Brand24 Small (Milk),Brand3 1L (Milk),Complement (Synergy)
100065,100079,-0.099,Brand24 Small (Milk),Brand14 Pack (Milk),Complement (Synergy)
100065,100089,-0.038,Brand24 Small (Milk),Brand23 Large (Milk),Weak/Neutral
100067,100060,-0.194,Brand8 Single (Milk),Brand23 Large (Milk),Complement (Synergy)
100067,100061,-0.151,Brand8 Single (Milk),Brand16 1L (Milk),Complement (Synergy)
100067,100065,-0.068,Brand8 Single (Milk),Brand24 Small (Milk),Complement (Synergy)
100067,100068,-0.078,Brand8 Single (Milk),Brand25 Large (Milk),Complement (Synergy)
100067,100070,-0.156,Brand8 Single (Milk),Brand3 1L (Milk),Complement (Synergy)
100067,100079,-0.093,Brand8 Single (Milk),Brand14 Pack (Milk),Complement (Synergy)
100067,100089,-0.057,Brand8 Single (Milk),Brand23 Large (Milk),Complement (Synergy)
100068,100060,-0.194,Brand25 Large (Milk),Brand23 Large (Milk),Complement (Synergy)
100068,100061,-0.071,Brand25 Large (Milk),Brand16 1L (Milk),Complement (Synergy)
100068,100065,-0.155,Brand25 Large (Milk),Brand24 Small (Milk),Complement (Synergy)
100068,100067,-0.029,Brand25 Large (Milk),Brand8 Single (Milk),Weak/Neutral
100068,100070,-0.103,Brand25 Large (Milk),Brand3 1L (Milk),Complement (Synergy)
100068,100079,-0.194,Brand25 Large (Milk),Brand14 Pack (Milk),Complement (Synergy)
100068,100089,-0.127,Brand25 Large (Milk),Brand23 Large (Milk),Complement (Synergy)
100070,100060,-0.026,Brand3 1L (Milk),Brand23 Large (Milk),Weak/Neutral
100070,100061,-0.069,Brand3 1L (Milk),Brand16 1L (Milk),Complement (Synergy)
100070,100065,-0.146,Brand3 1L (Milk),Brand24 Small (Milk),Complement (Synergy)
100070,100067,-0.096,Brand3 1L (Milk),Brand8 Single (Milk),Complement (Synergy)
100070,100068,-0.092,Brand3 1L (Milk),Brand25 Large (Milk),Complement (Synergy)
100070,100079,-0.196,Brand3 1L (Milk),Brand14 Pack (Milk),Complement (Synergy)
100070,100089,-0.168,Brand3 1L (Milk),Brand23 Large (Milk),Complement (Synergy)
100079,100060,-0.101,Brand14 Pack (Milk),Brand23 Large (Milk),Complement (Synergy)
100079,100061,-0.128,Brand14 Pack (Milk),Brand16 1L (Milk),Complement (Synergy)
100079,100065,-0.166,Brand14 Pack (Milk),Brand24 Small (Milk),Complement (Synergy)
100079,100067,-0.061,Brand14 Pack (Milk),Brand8 Single (Milk),Complement (Synergy)
100079,100068,-0.112,Brand14 Pack (Milk),Brand25 Large (Milk),Complement (Synergy)
100079,100070,-0.144,Brand14 Pack (Milk),Brand3 1L (Milk),Complement (Synergy)
100079,100089,-0.171,Brand14 Pack (Milk),Brand23 Large (Milk),Complement (Synergy)
100089,100060,-0.09,Brand23 Large (Milk),Brand23 Large (Milk),Complement (Synergy)
100089,100061,-0.08,Brand23 Large (Milk),Brand16 1L (Milk),Complement (Synergy)
100089,100065,-0.079,Brand23 Large (Milk),Brand24 Small (Milk),Complement (Synergy)
100089,100067,-0.16,Brand23 Large (Milk),Brand8 Single (Milk),Complement (Synergy)
100089,100068,-0.093,Brand23 Large (Milk),Brand25 Large (Milk),Complement (Synergy)
100089,100070,-0.037,Brand23 Large (Milk),Brand3 1L (Milk),Weak/Neutral
100089,100079,-0.136,Brand23 Large (Milk),Brand14 Pack (Milk),Complement (Synergy)
100066,100072,-0.162,Brand17 500ml (Yogurt),Brand3 Small (Yogurt),Complement (Synergy)
100066,100073,-0.061,Brand17 500ml (Yogurt),Brand19 250ml (Yogurt),Complement (Synergy)
100066,100074,-0.168,Brand17 500ml (Yogurt),Brand22 500ml (Yogurt),Complement (Synergy)
100066,100075,-0.154,Brand17 500ml (Yogurt),Brand2 Pack (Yogurt),Complement (Synergy)
100066,100076,-0.182,Brand17 500ml (Yogurt),Brand1 Pack (Yogurt),Complement (Synergy)
100066,100078,-0.152,Brand17 500ml (Yogurt),Brand17 Small (Yogurt),Complement (Synergy)
100066,100083,-0.126,Brand17 500ml (Yogurt),Brand18 1L (Yogurt),Complement (Synergy)
100066,100084,-0.188,Brand17 500ml (Yogurt),Brand22 Large (Yogurt),Complement (Synergy)
100066,100085,-0.043,Brand17 500ml (Yogurt),Brand22 330ml (Yogurt),Weak/Neutral
100066,100086,-0.108,Brand17 500ml (Yogurt),Brand10 Medium (Yogurt),Complement (Synergy)
100066,100088,-0.094,Brand17 500ml (Yogurt),Brand22 330ml (Yogurt),Complement (Synergy)
100072,100066,-0.133,Brand3 Small (Yogurt),Brand17 500ml (Yogurt),Complement (Synergy)
100072,100073,-0.079,Brand3 Small (Yogurt),Brand19 250ml (Yogurt),Complement (Synergy)
100072,100074,-0.122,Brand3 Small (Yogurt),Brand22 500ml (Yogurt),Complement (Synergy)
100072,100075,-0.063,Brand3 Small (Yogurt),Brand2 Pack (Yogurt),Complement (Synergy)
100072,100076,-0.052,Brand3 Small (Yogurt),Brand1 Pack (Yogurt),Complement (Synergy)
100072,100078,-0.079,Brand3 Small (Yogurt),Brand17 Small (Yogurt),Complement (Synergy)
100072,100083,-0.112,Brand3 Small (Yogurt),Brand18 1L (Yogurt),Complement (Synergy)
100072,100084,-0.059,Brand3 Small (Yogurt),Brand22 Large (Yogurt),Complement (Synergy)
100072,100085,-0.111,Brand3 Small (Yogurt),Brand22 330ml (Yogurt),Complement (Synergy)
100072,100086,-0.18,Brand3 Small (Yogurt),Brand10 Medium (Yogurt),Complement (Synergy)
100072,100088,-0.179,Brand3 Small (Yogurt),Brand22 330ml (Yogurt),Complement (Synergy)
100073,100066,-0.029,Brand19 250ml (Yogurt),Brand17 500ml (Yogurt),Weak/Neutral
100073,100072,-0.162,Brand19 250ml (Yogurt),Brand3 Small (Yogurt),Complement (Synergy)
100073,100074,-0.053,Brand19 250ml (Yogurt),Brand22 500ml (Yogurt),Complement (Synergy)
100073,100075,-0.156,Brand19 250ml (Yogurt),Brand2 Pack (Yogurt),Complement (Synergy)
100073,100076,-0.122,Brand19 250ml (Yogurt),Brand1 Pack (Yogurt),Complement (Synergy)
100073,100078,-0.082,Brand19 250ml (Yogurt),Brand17 Small (Yogurt),Complement (Synergy)
100073,100083,-0.171,Brand19 250ml (Yogurt),Brand18 1L (Yogurt),Complement (Synergy)
100073,100084,-0.067,Brand19 250ml (Yogurt),Brand22 Large (Yogurt),Complement (Synergy)
100073,100085,-0.076,Brand19 250ml (Yogurt),Brand22 330ml (Yogurt),Complement (Synergy)
100073,100086,-0.102,Brand19 250ml (Yogurt),Brand10 Medium (Yogurt),Complement (Synergy)
100073,100088,-0.098,Brand19 250ml (Yogurt),Brand22 330ml (Yogurt),Complement (Synergy)
100074,100066,-0.181,Brand22 500ml (Yogurt),Brand17 500ml (Yogurt),Complement (Synergy)
100074,100072,-0.122,Brand22 500ml (Yogurt),Brand3 Small (Yogurt),Complement (Synergy)
100074,100073,-0.184,Brand22 500ml (Yogurt),Brand19 250ml (Yogurt),Complement (Synergy)
100074,100075,-0.145,Brand22 500ml (Yogurt),Brand2 Pack (Yogurt),Complement (Synergy)
100074,100076,-0.038,Brand22 500ml (Yogurt),Brand1 Pack (Yogurt),Weak/Neutral
100074,100078,-0.097,Brand22 500ml (Yogurt),Brand17 Small (Yogurt),Complement (Synergy)
100074,100083,-0.066,Brand22 500ml (Yogurt),Brand18 1L (Yogurt),Complement (Synergy)
100074,100084,-0.097,Brand22 500ml (Yogurt),Brand22 Large (Yogurt),Complement (Synergy)
100074,100085,-0.165,Brand22 500ml (Yogurt),Brand22 330ml (Yogurt),Complement (Synergy)
100074,100086,-0.093,Brand22 500ml (Yogurt),Brand10 Medium (Yogurt),Complement (Synergy)
100074,100088,-0.064,Brand22 500ml (Yogurt),Brand22 330ml (Yogurt),Complement (Synergy)
100075,100066,-0.175,Brand2 Pack (Yogurt),Brand17 500ml (Yogurt),Complement (Synergy)
100075,100072,-0.053,Brand2 Pack (Yogurt),Brand3 Small (Yogurt),Complement (Synergy)
100075,100073,-0.1,Brand2 Pack (Yogurt),Brand19 250ml (Yogurt),Complement (Synergy)
100075,100074,-0.199,Brand2 Pack (Yogurt),Brand22 500ml (Yogurt),Complement (Synergy)
100075,100076,-0.106,Brand2 Pack (Yogurt),Brand1 Pack (Yogurt),Complement (Synergy)
100075,100078,-0.129,Brand2 Pack (Yogurt),Brand17 Small (Yogurt),Complement (Synergy)
100075,100083,-0.147,Brand2 Pack (Yogurt),Brand18 1L (Yogurt),Complement (Synergy)
100075,100084,-0.061,Brand2 Pack (Yogurt),Brand22 Large (Yogurt),Complement (Synergy)
100075,100085,-0.038,Brand2 Pack (Yogurt),Brand22 330ml (Yogurt),Weak/Neutral
100075,100086,-0.063,Brand2 Pack (Yogurt),Brand10 Medium (Yogurt),Complement (Synergy)
100075,100088,-0.048,Brand2 Pack (Yogurt),Brand22 330ml (Yogurt),Weak/Neutral
100076,100066,-0.036,Brand1 Pack (Yogurt),Brand17 500ml (Yogurt),Weak/Neutral
100076,100072,-0.036,Brand1 Pack (Yogurt),Brand3 Small (Yogurt),Weak/Neutral
100076,100073,-0.179,Brand1 Pack (Yogurt),Brand19 250ml (Yogurt),Complement (Synergy)
100076,100074,-0.118,Brand1 Pack (Yogurt),Brand22 500ml (Yogurt),Complement (Synergy)
100076,100075,-0.2,Brand1 Pack (Yogurt),Brand2 Pack (Yogurt),Complement (Synergy)
100076,100078,-0.109,Brand1 Pack (Yogurt),Brand17 Small (Yogurt),Complement (Synergy)
100076,100083,-0.034,Brand1 Pack (Yogurt),Brand18 1L (Yogurt),Weak/Neutral
100076,100084,-0.164,Brand1 Pack (Yogurt),Brand22 Large (Yogurt),Complement (Synergy)
100076,100085,-0.085,Brand1 Pack (Yogurt),Brand22 330ml (Yogurt),Complement (Synergy)
100076,100086,-0.084,Brand1 Pack (Yogurt),Brand10 Medium (Yogurt),Complement (Synergy)
100076,100088,-0.171,Brand1 Pack (Yogurt),Brand22 330ml (Yogurt),Complement (Synergy)
100078,100066,-0.157,Brand17 Small (Yogurt),Brand17 500ml (Yogurt),Complement (Synergy)
100078,100072,-0.117,Brand17 Small (Yogurt),Brand3 Small (Yogurt),Complement (Synergy)
100078,100073,-0.166,Brand17 Small (Yogurt),Brand19 250ml (Yogurt),Complement (Synergy)
100078,100074,-0.095,Brand17 Small (Yogurt),Brand22 500ml (Yogurt),Complement (Synergy)
100078,100075,-0.113,Brand17 Small (Yogurt),Brand2 Pack (Yogurt),Complement (Synergy)
100078,100076,-0.107,Brand17 Small (Yogurt),Brand1 Pack (Yogurt),Complement (Synergy)
100078,100083,-0.176,Brand17 Small (Yogurt),Brand18 1L (Yogurt),Complement (Synergy)
100078,100084,-0.107,Brand17 Small (Yogurt),Brand22 Large (Yogurt),Complement (Synergy)
100078,100085,-0.191,Brand17 Small (Yogurt),Brand22 330ml (Yogurt),Complement (Synergy)
100078,100086,-0.041,Brand17 Small (Yogurt),Brand10 Medium (Yogurt),Weak/Neutral
100078,100088,-0.138,Brand17 Small (Yogurt),Brand22 330ml (Yogurt),Complement (Synergy)
100083,100066,-0.046,Brand18 1L (Yogurt),Brand17 500ml (Yogurt),Weak/Neutral
100083,100072,-0.074,Brand18 1L (Yogurt),Brand3 Small (Yogurt),Complement (Synergy)
100083,100073,-0.062,Brand18 1L (Yogurt),Brand19 250ml (Yogurt),Complement (Synergy)
100083,100074,-0.143,Brand18 1L (Yogurt),Brand22 500ml (Yogurt),Complement (Synergy)
100083,100075,-0.159,Brand18 1L (Yogurt),Brand2 Pack (Yogurt),Complement (Synergy)
100083,100076,-0.127,Brand18 1L (Yogurt),Brand1 Pack (Yogurt),Complement (Synergy)
100083,100078,-0.196,Brand18 1L (Yogurt),Brand17 Small (Yogurt),Complement (Synergy)
100083,100084,-0.035,Brand18 1L (Yogurt),Brand22 Large (Yogurt),Weak/Neutral
100083,100085,-0.13,Brand18 1L (Yogurt),Brand22 330ml (Yogurt),Complement (Synergy)
100083,100086,-0.022,Brand18 1L (Yogurt),Brand10 Medium (Yogurt),Weak/Neutral
100083,100088,-0.063,Brand18 1L (Yogurt),Brand22 330ml (Yogurt),Complement (Synergy)
100084,100066,-0.186,Brand22 Large (Yogurt),Brand17 500ml (Yogurt),Complement (Synergy)
100084,100072,-0.081,Brand22 Large (Yogurt),Brand3 Small (Yogurt),Complement (Synergy)
100084,100073,-0.151,Brand22 Large (Yogurt),Brand19 250ml (Yogurt),Complement (Synergy)
100084,100074,-0.156,Brand22 Large (Yogurt),Brand22 500ml (Yogurt),Complement (Synergy)
100084,100075,-0.154,Brand22 Large (Yogurt),Brand2 Pack (Yogurt),Complement (Synergy)
100084,100076,-0.035,Brand22 Large (Yogurt),Brand1 Pack (Yogurt),Weak/Neutral
100084,100078,-0.11,Brand22 Large (Yogurt),Brand17 Small (Yogurt),Complement (Synergy)
100084,100083,-0.079,Brand22 Large (Yogurt),Brand18 1L (Yogurt),Complement (Synergy)
100084,100085,-0.149,Brand22 Large (Yogurt),Brand22 330ml (Yogurt),Complement (Synergy)
100084,100086,-0.106,Brand22 Large (Yogurt),Brand10 Medium (Yogurt),Complement (Synergy)
100084,100088,-0.137,Brand22 Large (Yogurt),Brand22 330ml (Yogurt),Complement (Synergy)
100085,100066,-0.142,Brand22 330ml (Yogurt),Brand17 500ml (Yogurt),Complement (Synergy)
100085,100072,-0.156,Brand22 330ml (Yogurt),Brand3 Small (Yogurt),Complement (Synergy)
100085,100073,-0.126,Brand22 330ml (Yogurt),Brand19 250ml (Yogurt),Complement (Synergy)
100085,100074,-0.081,Brand22 330ml (Yogurt),Brand22 500ml (Yogurt),Complement (Synergy)
100085,100075,-0.16,Brand22 330ml (Yogurt),Brand2 Pack (Yogurt),Complement (Synergy)
100085,100076,-0.026,Brand22 330ml (Yogurt),Brand1 Pack (Yogurt),Weak/Neutral
100085,100078,-0.178,Brand22 330ml (Yogurt),Brand17 Small (Yogurt),Complement (Synergy)
100085,100083,-0.114,Brand22 330ml (Yogurt),Brand18 1L (Yogurt),Complement (Synergy)
100085,100084,-0.185,Brand22 330ml (Yogurt),Brand22 Large (Yogurt),Complement (Synergy)
100085,100086,-0.196,Brand22 330ml (Yogurt),Brand10 Medium (Yogurt),Complement (Synergy)
100085,100088,-0.034,Brand22 330ml (Yogurt),Brand22 330ml (Yogurt),Weak/Neutral
100086,100066,-0.054,Brand10 Medium (Yogurt),Brand17 500ml (Yogurt),Complement (Synergy)
100086,100072,-0.075,Brand10 Medium (Yogurt),Brand3 Small (Yogurt),Complement (Synergy)
100086,100073,-0.044,Brand10 Medium (Yogurt),Brand19 250ml (Yogurt),Weak/Neutral
100086,100074,-0.055,Brand10 Medium (Yogurt),Brand22 500ml (Yogurt),Complement (Synergy)
100086,100075,-0.083,Brand10 Medium (Yogurt),Brand2 Pack (Yogurt),Complement (Synergy)
100086,100076,-0.047,Brand10 Medium (Yogurt),Brand1 Pack (Yogurt),Weak/Neutral
100086,100078,-0.13,Brand10 Medium (Yogurt),Brand17 Small (Yogurt),Complement (Synergy)
100086,100083,-0.101,Brand10 Medium (Yogurt),Brand18 1L (Yogurt),Complement (Synergy)
100086,100084,-0.06,Brand10 Medium (Yogurt),Brand22 Large (Yogurt),Complement (Synergy)
100086,100085,-0.185,Brand10 Medium (Yogurt),Brand22 330ml (Yogurt),Complement (Synergy)
100086,100088,-0.045,Brand10 Medium (Yogurt),Brand22 330ml (Yogurt),Weak/Neutral
100088,100066,-0.172,Brand22 330ml (Yogurt),Brand17 500ml (Yogurt),Complement (Synergy)
100088,100072,-0.044,Brand22 330ml (Yogurt),Brand3 Small (Yogurt),Weak/Neutral
100088,100073,-0.144,Brand22 330ml (Yogurt),Brand19 250ml (Yogurt),Complement (Synergy)
100088,100074,-0.141,Brand22 330ml (Yogurt),Brand22 500ml (Yogurt),Complement (Synergy)
100088,100075,-0.187,Brand22 330ml (Yogurt),Brand2 Pack (Yogurt),Complement (Synergy)
100088,100076,-0.041,Brand22 330ml (Yogurt),Brand1 Pack (Yogurt),Weak/Neutral
100088,100078,-0.169,Brand22 330ml (Yogurt),Brand17 Small (Yogurt),Complement (Synergy)
100088,100083,-0.087,Brand22 330ml (Yogurt),Brand18 1L (Yogurt),Complement (Synergy)
100088,100084,-0.084,Brand22 330ml (Yogurt),Brand22 Large (Yogurt),Complement (Synergy)
100088,100085,-0.149,Brand22 330ml (Yogurt),Brand22 330ml (Yogurt),Complement (Synergy)
100088,100086,-0.023,Brand22 330ml (Yogurt),Brand10 Medium (Yogurt),Weak/Neutral
100092,100093,-0.188,Brand23 Medium (Shampoo),Brand22 Large (Shampoo),Complement (Synergy)
100092,100100,-0.091,Brand23 Medium (Shampoo),Brand19 330ml (Shampoo),Complement (Synergy)
100092,100114,-0.114,Brand23 Medium (Shampoo),Brand2 Small (Shampoo),Complement (Synergy)
100092,100115,-0.156,Brand23 Medium (Shampoo),Brand20 500ml (Shampoo),Complement (Synergy)
100092,100118,-0.171,Brand23 Medium (Shampoo),Brand1 Small (Shampoo),Complement (Synergy)
100092,100119,-0.067,Brand23 Medium (Shampoo),Brand12 Medium (Shampoo),Complement (Synergy)
100093,100092,-0.035,Brand22 Large (Shampoo),Brand23 Medium (Shampoo),Weak/Neutral
100093,100100,-0.181,Brand22 Large (Shampoo),Brand19 330ml (Shampoo),Complement (Synergy)
100093,100114,-0.165,Brand22 Large (Shampoo),Brand2 Small (Shampoo),Complement (Synergy)
100093,100115,-0.022,Brand22 Large (Shampoo),Brand20 500ml (Shampoo),Weak/Neutral
100093,100118,-0.197,Brand22 Large (Shampoo),Brand1 Small (Shampoo),Complement (Synergy)
100093,100119,-0.109,Brand22 Large (Shampoo),Brand12 Medium (Shampoo),Complement (Synergy)
100100,100092,-0.107,Brand19 330ml (Shampoo),Brand23 Medium (Shampoo),Complement (Synergy)
100100,100093,-0.153,Brand19 330ml (Shampoo),Brand22 Large (Shampoo),Complement (Synergy)
100100,100114,-0.081,Brand19 330ml (Shampoo),Brand2 Small (Shampoo),Complement (Synergy)
100100,100115,-0.03,Brand19 330ml (Shampoo),Brand20 500ml (Shampoo),Weak/Neutral
100100,100118,-0.119,Brand19 330ml (Shampoo),Brand1 Small (Shampoo),Complement (Synergy)
100100,100119,-0.065,Brand19 330ml (Shampoo),Brand12 Medium (Shampoo),Complement (Synergy)
100114,100092,-0.084,Brand2 Small (Shampoo),Brand23 Medium (Shampoo),Complement (Synergy)
100114,100093,-0.115,Brand2 Small (Shampoo),Brand22 Large (Shampoo),Complement (Synergy)
100114,100100,-0.191,Brand2 Small (Shampoo),Brand19 330ml (Shampoo),Complement (Synergy)
100114,100115,-0.066,Brand2 Small (Shampoo),Brand20 500ml (Shampoo),Complement (Synergy)
100114,100118,-0.135,Brand2 Small (Shampoo),Brand1 Small (Shampoo),Complement (Synergy)
100114,100119,-0.16,Brand2 Small (Shampoo),Brand12 Medium (Shampoo),Complement (Synergy)
100115,100092,-0.029,Brand20 500ml (Shampoo),Brand23 Medium (Shampoo),Weak/Neutral
100115,100093,-0.061,Brand20 500ml (Shampoo),Brand22 Large (Shampoo),Complement (Synergy)
100115,100100,-0.027,Brand20 500ml (Shampoo),Brand19 330ml (Shampoo),Weak/Neutral
100115,100114,-0.154,Brand20 500ml (Shampoo),Brand2 Small (Shampoo),Complement (Synergy)
100115,100118,-0.05,Brand20 500ml (Shampoo),Brand1 Small (Shampoo),Weak/Neutral
100115,100119,-0.091,Brand20 500ml (Shampoo),Brand12 Medium (Shampoo),Complement (Synergy)
100118,100092,-0.023,Brand1 Small (Shampoo),Brand23 Medium (Shampoo),Weak/Neutral
100118,100093,-0.03,Brand1 Small (Shampoo),Brand22 Large (Shampoo),Weak/Neutral
100118,100100,-0.025,Brand1 Small (Shampoo),Brand19 330ml (Shampoo),Weak/Neutral
100118,100114,-0.029,Brand1 Small (Shampoo),Brand2 Small (Shampoo),Weak/Neutral
100118,100115,-0.199,Brand1 Small (Shampoo),Brand20 500ml (Shampoo),Complement (Synergy)
100118,100119,-0.067,Brand1 Small (Shampoo),Brand12 Medium (Shampoo),Complement (Synergy)
100119,100092,-0.151,Brand12 Medium (Shampoo),Brand23 Medium (Shampoo),Complement (Synergy)
100119,100093,-0.073,Brand12 Medium (Shampoo),Brand22 Large (Shampoo),Complement (Synergy)
100119,100100,-0.023,Brand12 Medium (Shampoo),Brand19 330ml (Shampoo),Weak/Neutral
100119,100114,-0.193,Brand12 Medium (Shampoo),Brand2 Small (Shampoo),Complement (Synergy)
100119,100115,-0.098,Brand12 Medium (Shampoo),Brand20 500ml (Shampoo),Complement (Synergy)
100119,100118,-0.068,Brand12 Medium (Shampoo),Brand1 Small (Shampoo),Complement (Synergy)
100090,100091,-0.154,Brand24 330ml (Soap),Brand20 Small (Soap),Complement (Synergy)
100090,100096,-0.159,Brand24 330ml (Soap),Brand1 500ml (Soap),Complement (Synergy)
100090,100097,-0.189,Brand24 330ml (Soap),Brand7 Single (Soap),Complement (Synergy)
100090,100099,-0.183,Brand24 330ml (Soap),Brand18 Large (Soap),Complement (Synergy)
100090,100101,-0.082,Brand24 330ml (Soap),Brand21 330ml (Soap),Complement (Synergy)
100090,100102,-0.109,Brand24 330ml (Soap),Brand1 Small (Soap),Complement (Synergy)
100090,100104,-0.195,Brand24 330ml (Soap),Brand1 330ml (Soap),Complement (Synergy)
100090,100110,-0.025,Brand24 330ml (Soap),Brand5 330ml (Soap),Weak/Neutral
100090,100113,-0.082,Brand24 330ml (Soap),Brand24 Pack (Soap),Complement (Synergy)
100090,100117,-0.107,Brand24 330ml (Soap),Brand19 Pack (Soap),Complement (Synergy)
100091,100090,-0.151,Brand20 Small (Soap),Brand24 330ml (Soap),Complement (Synergy)
100091,100096,-0.082,Brand20 Small (Soap),Brand1 500ml (Soap),Complement (Synergy)
100091,100097,-0.134,Brand20 Small (Soap),Brand7 Single (Soap),Complement (Synergy)
100091,100099,-0.074,Brand20 Small (Soap),Brand18 Large (Soap),Complement (Synergy)
100091,100101,-0.077,Brand20 Small (Soap),Brand21 330ml (Soap),Complement (Synergy)
100091,100102,-0.183,Brand20 Small (Soap),Brand1 Small (Soap),Complement (Synergy)
100091,100104,-0.036,Brand20 Small (Soap),Brand1 330ml (Soap),Weak/Neutral
100091,100110,-0.112,Brand20 Small (Soap),Brand5 330ml (Soap),Complement (Synergy)
100091,100113,-0.129,Brand20 Small (Soap),Brand24 Pack (Soap),Complement (Synergy)
100091,100117,-0.028,Brand20 Small (Soap),Brand19 Pack (Soap),Weak/Neutral
100096,100090,-0.121,Brand1 500ml (Soap),Brand24 330ml (Soap),Complement (Synergy)
100096,100091,-0.07,Brand1 500ml (Soap),Brand20 Small (Soap),Complement (Synergy)
100096,100097,-0.082,Brand1 500ml (Soap),Brand7 Single (Soap),Complement (Synergy)
100096,100099,-0.17,Brand1 500ml (Soap),Brand18 Large (Soap),Complement (Synergy)
100096,100101,-0.022,Brand1 500ml (Soap),Brand21 330ml (Soap),Weak/Neutral
100096,100102,-0.117,Brand1 500ml (Soap),Brand1 Small (Soap),Complement (Synergy)
100096,100104,-0.129,Brand1 500ml (Soap),Brand1 330ml (Soap),Complement (Synergy)
100096,100110,-0.034,Brand1 500ml (Soap),Brand5 330ml (Soap),Weak/Neutral
100096,100113,-0.105,Brand1 500ml (Soap),Brand24 Pack (Soap),Complement (Synergy)
100096,100117,-0.073,Brand1 500ml (Soap),Brand19 Pack (Soap),Complement (Synergy)
100097,100090,-0.048,Brand7 Single (Soap),Brand24 330ml (Soap),Weak/Neutral
100097,100091,-0.158,Brand7 Single (Soap),Brand20 Small (Soap),Complement (Synergy)
100097,100096,-0.169,Brand7 Single (Soap),Brand1 500ml (Soap),Complement (Synergy)
100097,100099,-0.188,Brand7 Single (Soap),Brand18 Large (Soap),Complement (Synergy)
100097,100101,-0.039,Brand7 Single (Soap),Brand21 330ml (Soap),Weak/Neutral
100097,100102,-0.164,Brand7 Single (Soap),Brand1 Small (Soap),Complement (Synergy)
100097,100104,-0.145,Brand7 Single (Soap),Brand1 330ml (Soap),Complement (Synergy)
100097,100110,-0.149,Brand7 Single (Soap),Brand5 330ml (Soap),Complement (Synergy)
100097,100113,-0.145,Brand7 Single (Soap),Brand24 Pack (Soap),Complement (Synergy)
100097,100117,-0.08,Brand7 Single (Soap),Brand19 Pack (Soap),Complement (Synergy)
100099,100090,-0.028,Brand18 Large (Soap),Brand24 330ml (Soap),Weak/Neutral
100099,100091,-0.141,Brand18 Large (Soap),Brand20 Small (Soap),Complement (Synergy)
100099,100096,-0.127,Brand18 Large (Soap),Brand1 500ml (Soap),Complement (Synergy)
100099,100097,-0.061,Brand18 Large (Soap),Brand7 Single (Soap),Complement (Synergy)
100099,100101,-0.122,Brand18 Large (Soap),Brand21 330ml (Soap),Complement (Synergy)
100099,100102,-0.033,Brand18 Large (Soap),Brand1 Small (Soap),Weak/Neutral
100099,100104,-0.109,Brand18 Large (Soap),Brand1 330ml (Soap),Complement (Synergy)
100099,100110,-0.137,Brand18 Large (Soap),Brand5 330ml (Soap),Complement (Synergy)
100099,100113,-0.025,Brand18 Large (Soap),Brand24 Pack (Soap),Weak/Neutral
100099,100117,-0.123,Brand18 Large (Soap),Brand19 Pack (Soap),Complement (Synergy)
100101,100090,-0.158,Brand21 330ml (Soap),Brand24 330ml (Soap),Complement (Synergy)
100101,100091,-0.168,Brand21 330ml (Soap),Brand20 Small (Soap),Complement (Synergy)
100101,100096,-0.021,Brand21 330ml (Soap),Brand1 500ml (Soap),Weak/Neutral
100101,100097,-0.064,Brand21 330ml (Soap),Brand7 Single (Soap),Complement (Synergy)
100101,100099,-0.126,Brand21 330ml (Soap),Brand18 Large (Soap),Complement (Synergy)
100101,100102,-0.051,Brand21 330ml (Soap),Brand1 Small (Soap),Complement (Synergy)
100101,100104,-0.102,Brand21 330ml (Soap),Brand1 330ml (Soap),Complement (Synergy)
100101,100110,-0.143,Brand21 330ml (Soap),Brand5 330ml (Soap),Complement (Synergy)
100101,100113,-0.066,Brand21 330ml (Soap),Brand24 Pack (Soap),Complement (Synergy)
100101,100117,-0.066,Brand21 330ml (Soap),Brand19 Pack (Soap),Complement (Synergy)
100102,100090,-0.11,Brand1 Small (Soap),Brand24 330ml (Soap),Complement (Synergy)
100102,100091,-0.192,Brand1 Small (Soap),Brand20 Small (Soap),Complement (Synergy)
100102,100096,-0.186,Brand1 Small (Soap),Brand1 500ml (Soap),Complement (Synergy)
100102,100097,-0.058,Brand1 Small (Soap),Brand7 Single (Soap),Complement (Synergy)
100102,100099,-0.052,Brand1 Small (Soap),Brand18 Large (Soap),Complement (Synergy)
100102,100101,-0.078,Brand1 Small (Soap),Brand21 330ml (Soap),Complement (Synergy)
100102,100104,-0.049,Brand1 Small (Soap),Brand1 330ml (Soap),Weak/Neutral
100102,100110,-0.07,Brand1 Small (Soap),Brand5 330ml (Soap),Complement (Synergy)
100102,100113,-0.039,Brand1 Small (Soap),Brand24 Pack (Soap),Weak/Neutral
100102,100117,-0.173,Brand1 Small (Soap),Brand19 Pack (Soap),Complement (Synergy)
100104,100090,-0.13,Brand1 330ml (Soap),Brand24 330ml (Soap),Complement (Synergy)
100104,100091,-0.116,Brand1 330ml (Soap),Brand20 Small (Soap),Complement (Synergy)
100104,100096,-0.146,Brand1 330ml (Soap),Brand1 500ml (Soap),Complement (Synergy)
100104,100097,-0.069,Brand1 330ml (Soap),Brand7 Single (Soap),Complement (Synergy)
100104,100099,-0.036,Brand1 330ml (Soap),Brand18 Large (Soap),Weak/Neutral
100104,100101,-0.126,Brand1 330ml (Soap),Brand21 330ml (Soap),Complement (Synergy)
100104,100102,-0.031,Brand1 330ml (Soap),Brand1 Small (Soap),Weak/Neutral
100104,100110,-0.107,Brand1 330ml (Soap),Brand5 330ml (Soap),Complement (Synergy)
100104,100113,-0.106,Brand1 330ml (Soap),Brand24 Pack (Soap),Complement (Synergy)
100104,100117,-0.092,Brand1 330ml (Soap),Brand19 Pack (Soap),Complement (Synergy)
100110,100090,-0.152,Brand5 330ml (Soap),Brand24 330ml (Soap),Complement (Synergy)
100110,100091,-0.131,Brand5 330ml (Soap),Brand20 Small (Soap),Complement (Synergy)
100110,100096,-0.1,Brand5 330ml (Soap),Brand1 500ml (Soap),Complement (Synergy)
100110,100097,-0.03,Brand5 330ml (Soap),Brand7 Single (Soap),Weak/Neutral
100110,100099,-0.084,Brand5 330ml (Soap),Brand18 Large (Soap),Complement (Synergy)
100110,100101,-0.14,Brand5 330ml (Soap),Brand21 330ml (Soap),Complement (Synergy)
100110,100102,-0.198,Brand5 330ml (Soap),Brand1 Small (Soap),Complement (Synergy)
100110,100104,-0.023,Brand5 330ml (Soap),Brand1 330ml (Soap),Weak/Neutral
100110,100113,-0.111,Brand5 330ml (Soap),Brand24 Pack (Soap),Complement (Synergy)
100110,100117,-0.031,Brand5 330ml (Soap),Brand19 Pack (Soap),Weak/Neutral
100113,100090,-0.101,Brand24 Pack (Soap),Brand24 330ml (Soap),Complement (Synergy)
100113,100091,-0.091,Brand24 Pack (Soap),Brand20 Small (Soap),Complement (Synergy)
100113,100096,-0.072,Brand24 Pack (Soap),Brand1 500ml (Soap),Complement (Synergy)
100113,100097,-0.142,Brand24 Pack (Soap),Brand7 Single (Soap),Complement (Synergy)
100113,100099,-0.074,Brand24 Pack (Soap),Brand18 Large (Soap),Complement (Synergy)
100113,100101,-0.105,Brand24 Pack (Soap),Brand21 330ml (Soap),Complement (Synergy)
100113,100102,-0.079,Brand24 Pack (Soap),Brand1 Small (Soap),Complement (Synergy)
100113,100104,-0.05,Brand24 Pack (Soap),Brand1 330ml (Soap),Weak/Neutral
100113,100110,-0.167,Brand24 Pack (Soap),Brand5 330ml (Soap),Complement (Synergy)
100113,100117,-0.09,Brand24 Pack (Soap),Brand19 Pack (Soap),Complement (Synergy)
100117,100090,-0.191,Brand19 Pack (Soap),Brand24 330ml (Soap),Complement (Synergy)
100117,100091,-0.182,Brand19 Pack (Soap),Brand20 Small (Soap),Complement (Synergy)
100117,100096,-0.079,Brand19 Pack (Soap),Brand1 500ml (Soap),Complement (Synergy)
100117,100097,-0.187,Brand19 Pack (Soap),Brand7 Single (Soap),Complement (Synergy)
100117,100099,-0.093,Brand19 Pack (Soap),Brand18 Large (Soap),Complement (Synergy)
100117,100101,-0.16,Brand19 Pack (Soap),Brand21 330ml (Soap),Complement (Synergy)
100117,100102,-0.145,Brand19 Pack (Soap),Brand1 Small (Soap),Complement (Synergy)
100117,100104,-0.177,Brand19 Pack (Soap),Brand1 330ml (Soap),Complement (Synergy)
100117,100110,-0.155,Brand19 Pack (Soap),Brand5 330ml (Soap),Complement (Synergy)
100117,100113,-0.052,Brand19 Pack (Soap),Brand24 Pack (Soap),Complement (Synergy)
100094,100095,-0.085,Brand22 250ml (Toothpaste),Brand6 250ml (Toothpaste),Complement (Synergy)
100094,100098,-0.029,Brand22 250ml (Toothpaste),Brand15 Large (Toothpaste),Weak/Neutral
100094,100103,-0.191,Brand22 250ml (Toothpaste),Brand22 1L (Toothpaste),Complement (Synergy)
100094,100105,-0.057,Brand22 250ml (Toothpaste),Brand23 Large (Toothpaste),Complement (Synergy)
100094,100106,-0.074,Brand22 250ml (Toothpaste),Brand16 Large (Toothpaste),Complement (Synergy)
100094,100107,-0.153,Brand22 250ml (Toothpaste),Brand25 Pack (Toothpaste),Complement (Synergy)
100094,100108,-0.069,Brand22 250ml (Toothpaste),Brand14 Single (Toothpaste),Complement (Synergy)
100094,100109,-0.071,Brand22 250ml (Toothpaste),Brand16 Pack (Toothpaste),Complement (Synergy)
100094,100111,-0.117,Brand22 250ml (Toothpaste),Brand22 Pack (Toothpaste),Complement (Synergy)
100094,100112,-0.076,Brand22 250ml (Toothpaste),Brand20 Large (Toothpaste),Complement (Synergy)
100094,100116,-0.12,Brand22 250ml (Toothpaste),Brand3 Small (Toothpaste),Complement (Synergy)
100095,100094,-0.14,Brand6 250ml (Toothpaste),Brand22 250ml (Toothpaste),Complement (Synergy)
100095,100098,-0.116,Brand6 250ml (Toothpaste),Brand15 Large (Toothpaste),Complement (Synergy)
100095,100103,-0.039,Brand6 250ml (Toothpaste),Brand22 1L (Toothpaste),Weak/Neutral
100095,100105,-0.131,Brand6 250ml (Toothpaste),Brand23 Large (Toothpaste),Complement (Synergy)
100095,100106,-0.127,Brand6 250ml (Toothpaste),Brand16 Large (Toothpaste),Complement (Synergy)
100095,100107,-0.09,Brand6 250ml (Toothpaste),Brand25 Pack (Toothpaste),Complement (Synergy)
100095,100108,-0.064,Brand6 250ml (Toothpaste),Brand14 Single (Toothpaste),Complement (Synergy)
100095,100109,-0.068,Brand6 250ml (Toothpaste),Brand16 Pack (Toothpaste),Complement (Synergy)
100095,100111,-0.196,Brand6 250ml (Toothpaste),Brand22 Pack (Toothpaste),Complement (Synergy)
100095,100112,-0.076,Brand6 250ml (Toothpaste),Brand20 Large (Toothpaste),Complement (Synergy)
100095,100116,-0.119,Brand6 250ml (Toothpaste),Brand3 Small (Toothpaste),Complement (Synergy)
100098,100094,-0.106,Brand15 Large (Toothpaste),Brand22 250ml (Toothpaste),Complement (Synergy)
100098,100095,-0.099,Brand15 Large (Toothpaste),Brand6 250ml (Toothpaste),Complement (Synergy)
100098,100103,-0.068,Brand15 Large (Toothpaste),Brand22 1L (Toothpaste),Complement (Synergy)
100098,100105,-0.05,Brand15 Large (Toothpaste),Brand23 Large (Toothpaste),Weak/Neutral
100098,100106,-0.084,Brand15 Large (Toothpaste),Brand16 Large (Toothpaste),Complement (Synergy)
100098,100107,-0.098,Brand15 Large (Toothpaste),Brand25 Pack (Toothpaste),Complement (Synergy)
100098,100108,-0.133,Brand15 Large (Toothpaste),Brand14 Single (Toothpaste),Complement (Synergy)
100098,100109,-0.175,Brand15 Large (Toothpaste),Brand16 Pack (Toothpaste),Complement (Synergy)
100098,100111,-0.027,Brand15 Large (Toothpaste),Brand22 Pack (Toothpaste),Weak/Neutral
100098,100112,-0.117,Brand15 Large (Toothpaste),Brand20 Large (Toothpaste),Complement (Synergy)
100098,100116,-0.098,Brand15 Large (Toothpaste),Brand3 Small (Toothpaste),Complement (Synergy)
100103,100094,-0.065,Brand22 1L (Toothpaste),Brand22 250ml (Toothpaste),Complement (Synergy)
100103,100095,-0.188,Brand22 1L (Toothpaste),Brand6 250ml (Toothpaste),Complement (Synergy)
100103,100098,-0.046,Brand22 1L (Toothpaste),Brand15 Large (Toothpaste),Weak/Neutral
100103,100105,-0.057,Brand22 1L (Toothpaste),Brand23 Large (Toothpaste),Complement (Synergy)
100103,100106,-0.061,Brand22 1L (Toothpaste),Brand16 Large (Toothpaste),Complement (Synergy)
100103,100107,-0.196,Brand22 1L (Toothpaste),Brand25 Pack (Toothpaste),Complement (Synergy)
100103,100108,-0.105,Brand22 1L (Toothpaste),Brand14 Single (Toothpaste),Complement (Synergy)
100103,100109,-0.19,Brand22 1L (Toothpaste),Brand16 Pack (Toothpaste),Complement (Synergy)
100103,100111,-0.101,Brand22 1L (Toothpaste),Brand22 Pack (Toothpaste),Complement (Synergy)
100103,100112,-0.071,Brand22 1L (Toothpaste),Brand20 Large (Toothpaste),Complement (Synergy)
100103,100116,-0.178,Brand22 1L (Toothpaste),Brand3 Small (Toothpaste),Complement (Synergy)
100105,100094,-0.075,Brand23 Large (Toothpaste),Brand22 250ml (Toothpaste),Complement (Synergy)
100105,100095,-0.119,Brand23 Large (Toothpaste),Brand6 250ml (Toothpaste),Complement (Synergy)
100105,100098,-0.054,Brand23 Large (Toothpaste),Brand15 Large (Toothpaste),Complement (Synergy)
100105,100103,-0.104,Brand23 Large (Toothpaste),Brand22 1L (Toothpaste),Complement (Synergy)
100105,100106,-0.139,Brand23 Large (Toothpaste),Brand16 Large (Toothpaste),Complement (Synergy)
100105,100107,-0.14,Brand23 Large (Toothpaste),Brand25 Pack (Toothpaste),Complement (Synergy)
100105,100108,-0.038,Brand23 Large (Toothpaste),Brand14 Single (Toothpaste),Weak/Neutral
100105,100109,-0.118,Brand23 Large (Toothpaste),Brand16 Pack (Toothpaste),Complement (Synergy)
100105,100111,-0.127,Brand23 Large (Toothpaste),Brand22 Pack (Toothpaste),Complement (Synergy)
100105,100112,-0.193,Brand23 Large (Toothpaste),Brand20 Large (Toothpaste),Complement (Synergy)
100105,100116,-0.134,Brand23 Large (Toothpaste),Brand3 Small (Toothpaste),Complement (Synergy)
100106,100094,-0.047,Brand16 Large (Toothpaste),Brand22 250ml (Toothpaste),Weak/Neutral
100106,100095,-0.063,Brand16 Large (Toothpaste),Brand6 250ml (Toothpaste),Complement (Synergy)
100106,100098,-0.16,Brand16 Large (Toothpaste),Brand15 Large (Toothpaste),Complement (Synergy)
100106,100103,-0.126,Brand16 Large (Toothpaste),Brand22 1L (Toothpaste),Complement (Synergy)
100106,100105,-0.165,Brand16 Large (Toothpaste),Brand23 Large (Toothpaste),Complement (Synergy)
100106,100107,-0.028,Brand16 Large (Toothpaste),Brand25 Pack (Toothpaste),Weak/Neutral
100106,100108,-0.092,Brand16 Large (Toothpaste),Brand14 Single (Toothpaste),Complement (Synergy)
100106,100109,-0.064,Brand16 Large (Toothpaste),Brand16 Pack (Toothpaste),Complement (Synergy)
100106,100111,-0.072,Brand16 Large (Toothpaste),Brand22 Pack (Toothpaste),Complement (Synergy)
100106,100112,-0.043,Brand16 Large (Toothpaste),Brand20 Large (Toothpaste),Weak/Neutral
100106,100116,-0.029,Brand16 Large (Toothpaste),Brand3 Small (Toothpaste),Weak/Neutral
100107,100094,-0.194,Brand25 Pack (Toothpaste),Brand22 250ml (Toothpaste),Complement (Synergy)
100107,100095,-0.024,Brand25 Pack (Toothpaste),Brand6 250ml (Toothpaste),Weak/Neutral
100107,100098,-0.043,Brand25 Pack (Toothpaste),Brand15 Large (Toothpaste),Weak/Neutral
100107,100103,-0.131,Brand25 Pack (Toothpaste),Brand22 1L (Toothpaste),Complement (Synergy)
100107,100105,-0.049,Brand25 Pack (Toothpaste),Brand23 Large (Toothpaste),Weak/Neutral
100107,100106,-0.067,Brand25 Pack (Toothpaste),Brand16 Large (Toothpaste),Complement (Synergy)
100107,100108,-0.057,Brand25 Pack (Toothpaste),Brand14 Single (Toothpaste),Complement (Synergy)
100107,100109,-0.16,Brand25 Pack (Toothpaste),Brand16 Pack (Toothpaste),Complement (Synergy)
100107,100111,-0.083,Brand25 Pack (Toothpaste),Brand22 Pack (Toothpaste),Complement (Synergy)
100107,100112,-0.195,Brand25 Pack (Toothpaste),Brand20 Large (Toothpaste),Complement (Synergy)
100107,100116,-0.047,Brand25 Pack (Toothpaste),Brand3 Small (Toothpaste),Weak/Neutral
100108,100094,-0.029,Brand14 Single (Toothpaste),Brand22 250ml (Toothpaste),Weak/Neutral
100108,100095,-0.081,Brand14 Single (Toothpaste),Brand6 250ml (Toothpaste),Complement (Synergy)
100108,100098,-0.108,Brand14 Single (Toothpaste),Brand15 Large (Toothpaste),Complement (Synergy)
100108,100103,-0.069,Brand14 Single (Toothpaste),Brand22 1L (Toothpaste),Complement (Synergy)
100108,100105,-0.141,Brand14 Single (Toothpaste),Brand23 Large (Toothpaste),Complement (Synergy)
100108,100106,-0.087,Brand14 Single (Toothpaste),Brand16 Large (Toothpaste),Complement (Synergy)
100108,100107,-0.071,Brand14 Single (Toothpaste),Brand25 Pack (Toothpaste),Complement (Synergy)
100108,100109,-0.174,Brand14 Single (Toothpaste),Brand16 Pack (Toothpaste),Complement (Synergy)
100108,100111,-0.175,Brand14 Single (Toothpaste),Brand22 Pack (Toothpaste),Complement (Synergy)
100108,100112,-0.071,Brand14 Single (Toothpaste),Brand20 Large (Toothpaste),Complement (Synergy)
100108,100116,-0.122,Brand14 Single (Toothpaste),Brand3 Small (Toothpaste),Complement (Synergy)
100109,100094,-0.04,Brand16 Pack (Toothpaste),Brand22 250ml (Toothpaste),Weak/Neutral
100109,100095,-0.144,Brand16 Pack (Toothpaste),Brand6 250ml (Toothpaste),Complement (Synergy)
100109,100098,-0.192,Brand16 Pack (Toothpaste),Brand15 Large (Toothpaste),Complement (Synergy)
100109,100103,-0.083,Brand16 Pack (Toothpaste),Brand22 1L (Toothpaste),Complement (Synergy)
100109,100105,-0.077,Brand16 Pack (Toothpaste),Brand23 Large (Toothpaste),Complement (Synergy)
100109,100106,-0.1,Brand16 Pack (Toothpaste),Brand16 Large (Toothpaste),Complement (Synergy)
100109,100107,-0.077,Brand16 Pack (Toothpaste),Brand25 Pack (Toothpaste),Complement (Synergy)
100109,100108,-0.106,Brand16 Pack (Toothpaste),Brand14 Single (Toothpaste),Complement (Synergy)
100109,100111,-0.075,Brand16 Pack (Toothpaste),Brand22 Pack (Toothpaste),Complement (Synergy)
100109,100112,-0.192,Brand16 Pack (Toothpaste),Brand20 Large (Toothpaste),Complement (Synergy)
100109,100116,-0.134,Brand16 Pack (Toothpaste),Brand3 Small (Toothpaste),Complement (Synergy)
100111,100094,-0.162,Brand22 Pack (Toothpaste),Brand22 250ml (Toothpaste),Complement (Synergy)
100111,100095,-0.182,Brand22 Pack (Toothpaste),Brand6 250ml (Toothpaste),Complement (Synergy)
100111,100098,-0.158,Brand22 Pack (Toothpaste),Brand15 Large (Toothpaste),Complement (Synergy)
100111,100103,-0.166,Brand22 Pack (Toothpaste),Brand22 1L (Toothpaste),Complement (Synergy)
100111,100105,-0.025,Brand22 Pack (Toothpaste),Brand23 Large (Toothpaste),Weak/Neutral
100111,100106,-0.148,Brand22 Pack (Toothpaste),Brand16 Large (Toothpaste),Complement (Synergy)
100111,100107,-0.158,Brand22 Pack (Toothpaste),Brand25 Pack (Toothpaste),Complement (Synergy)
100111,100108,-0.05,Brand22 Pack (Toothpaste),Brand14 Single (Toothpaste),Weak/Neutral
100111,100109,-0.125,Brand22 Pack (Toothpaste),Brand16 Pack (Toothpaste),Complement (Synergy)
100111,100112,-0.124,Brand22 Pack (Toothpaste),Brand20 Large (Toothpaste),Complement (Synergy)
100111,100116,-0.12,Brand22 Pack (Toothpaste),Brand3 Small (Toothpaste),Complement (Synergy)
100112,100094,-0.125,Brand20 Large (Toothpaste),Brand22 250ml (Toothpaste),Complement (Synergy)
100112,100095,-0.141,Brand20 Large (Toothpaste),Brand6 250ml (Toothpaste),Complement (Synergy)
100112,100098,-0.148,Brand20 Large (Toothpaste),Brand15 Large (Toothpaste),Complement (Synergy)
100112,100103,-0.041,Brand20 Large (Toothpaste),Brand22 1L (Toothpaste),Weak/Neutral
100112,100105,-0.171,Brand20 Large (Toothpaste),Brand23 Large (Toothpaste),Complement (Synergy)
100112,100106,-0.167,Brand20 Large (Toothpaste),Brand16 Large (Toothpaste),Complement (Synergy)
100112,100107,-0.097,Brand20 Large (Toothpaste),Brand25 Pack (Toothpaste),Complement (Synergy)
100112,100108,-0.138,Brand20 Large (Toothpaste),Brand14 Single (Toothpaste),Complement (Synergy)
100112,100109,-0.124,Brand20 Large (Toothpaste),Brand16 Pack (Toothpaste),Complement (Synergy)
100112,100111,-0.055,Brand20 Large (Toothpaste),Brand22 Pack (Toothpaste),Complement (Synergy)
100112,100116,-0.037,Brand20 Large (Toothpaste),Brand3 Small (Toothpaste),Weak/Neutral
100116,100094,-0.058,Brand3 Small (Toothpaste),Brand22 250ml (Toothpaste),Complement (Synergy)
100116,100095,-0.158,Brand3 Small (Toothpaste),Brand6 250ml (Toothpaste),Complement (Synergy)
100116,100098,-0.024,Brand3 Small (Toothpaste),Brand15 Large (Toothpaste),Weak/Neutral
100116,100103,-0.135,Brand3 Small (Toothpaste),Brand22 1L (Toothpaste),Complement (Synergy)
100116,100105,-0.17,Brand3 Small (Toothpaste),Brand23 Large (Toothpaste),Complement (Synergy)
100116,100106,-0.11,Brand3 Small (Toothpaste),Brand16 Large (Toothpaste),Complement (Synergy)
100116,100107,-0.069,Brand3 Small (Toothpaste),Brand25 Pack (Toothpaste),Complement (Synergy)
100116,100108,-0.185,Brand3 Small (Toothpaste),Brand14 Single (Toothpaste),Complement (Synergy)
100116,100109,-0.086,Brand3 Small (Toothpaste),Brand16 Pack (Toothpaste),Complement (Synergy)
100116,100111,-0.046,Brand3 Small (Toothpaste),Brand22 Pack (Toothpaste),Weak/Neutral
100116,100112,-0.153,Brand3 Small (Toothpaste),Brand20 Large (Toothpaste),Complement (Synergy)
100013,100034,0.038,Brand8 Large (Coffee),Brand7 Large (Chocolate),Weak/Neutral
100000,100036,0.03,Brand15 500ml (Water),Brand12 Single (Chips),Weak/Neutral
100006,100038,0.035,Brand25 Small (Water),Brand25 1L (Biscuits),Weak/Neutral
100022,100036,0.077,Brand12 500ml (Tea),Brand12 Single (Chips),Substitute (Cannibalization)
100012,100040,0.021,Brand15 330ml (Water),Brand5 Small (Biscuits),Weak/Neutral
100007,100050,0.041,Brand10 Large (Energy),Brand6 330ml (Chips),Weak/Neutral
100016,100056,0.078,Brand22 Medium (Water),Brand4 Large (Chocolate),Substitute (Cannibalization)
100013,100055,0.051,Brand8 Large (Coffee),Brand6 Large (Chocolate),Substitute (Cannibalization)
100004,100039,0.068,Brand6 Medium (Water),Brand9 Large (Biscuits),Substitute (Cannibalization)
100009,100040,0.014,Brand7 Pack (Energy),Brand5 Small (Biscuits),Weak/Neutral
100023,100035,0.077,Brand17 500ml (Energy),Brand10 1L (Chips),Substitute (Cannibalization)
100019,100032,0.012,Brand15 Pack (Cola),Brand4 Pack (Chocolate),Weak/Neutral
100001,100036,0.076,Brand7 Large (Coffee),Brand12 Single (Chips),Substitute (Cannibalization)
100025,100050,0.048,Brand9 330ml (Cola),Brand6 330ml (Chips),Weak/Neutral
100012,100044,0.03,Brand15 330ml (Water),Brand7 Medium (Chips),Weak/Neutral
100007,100038,0.07,Brand10 Large (Energy),Brand25 1L (Biscuits),Substitute (Cannibalization)
100015,100049,0.073,Brand6 250ml (Cola),Brand2 Pack (Chips),Substitute (Cannibalization)
100006,100046,0.078,Brand25 Small (Water),Brand17 Medium (Nuts),Substitute (Cannibalization)
100004,100046,0.055,Brand6 Medium (Water),Brand17 Medium (Nuts),Substitute (Cannibalization)
100000,100045,0.044,Brand15 500ml (Water),Brand5 Small (Biscuits),Weak/Neutral
